{
    "TransportData": [
    ],
    "NpcsTimers": [
    ],
    "FactionData": [
        {
            "Points": 2000,
            "Faction": 0
        }
    ],
    "BankData": [
    ],
    "ItemGiversList": [
        {
            "Long": 1708094328229L,
            "Slot": 6
        },
        {
            "Long": 59L,
            "Slot": 7
        }
    ],
    "QuestData": {
        "CompletedQuests": [
        ],
        "ActiveQuests": [
        ]
    },
    "PlayerCompanionId": 0,
    "DialogData": [
    ],
    "ItemGiverChained": [
    ],
    "MailData": [
    ],
    "PlayerName": "Zeefski",
    "UUID": "8ea65962-6335-4ff2-9d7e-2c1e7ed84def",
    "ScriptStoreddata": {
    }
}
