{"stat.pickup.minecraft.bone":3,"stat.horseOneCm":2291,"stat.leaveGame":1,"stat.mineBlock.minecraft.cobblestone":13,"stat.pickup.minecraft.flint":1,"stat.craftItem.minecraft.wool":1,"stat.pickup.gravestone.death_info":15,"stat.useItem.narutomod.anbu_sword":3,"stat.entityKilledBy.tenten":5,"stat.drop.narutomod.shuriken":3,"stat.swimOneCm":17223,"stat.climbOneCm":1650,"stat.craftItem.minecraft.shield":1,"stat.useItem.minecraft.planks":6,"stat.pickup.minecraft.porkchop":17,"stat.useItem.minecraft.dirt":35,"stat.useItem.minecraft.stone_slab2":32,"stat.pickup.minecraft.bow":1,"stat.mineBlock.silentgear.flower":1,"stat.mineBlock.minecraft.stone_brick_stairs":1,"stat.pickup.minecraft.rotten_flesh":1,"stat.pickup.minecraft.sand":4,"stat.craftItem.minecraft.furnace":3,"stat.useItem.minecraft.egg":5,"stat.craftItem.minecraft.stone_axe":1,"stat.craftItem.minecraft.trapdoor":2,"stat.craftItem.minecraft.stone_pickaxe":2,"stat.pickup.armourers_workshop.item.mannequin":2,"stat.pickup.minecraft.cobblestone":112,"stat.flyOneCm":759762,"stat.mineBlock.minecraft.sand":4,"stat.pickup.narutomod.kunai":3,"stat.pickup.minecraft.redstone":49,"stat.mineBlock.minecraft.iron_ore":51,"stat.timeSinceDeath":1597,"stat.useItem.minecraft.iron_pickaxe":68,"stat.craftItem.minecraft.wooden_pickaxe":1,"stat.pickup.minecraft.mutton":4,"stat.craftItem.minecraft.bed":1,"stat.drop.gravestone.death_info":12,"stat.furnaceInteraction":5,"stat.mineBlock.minecraft.coal_ore":20,"stat.drop.minecraft.wool":5,"stat.pickup.minecraft.string":1,"stat.pickup.minecraft.furnace":3,"stat.entityKilledBy.Skeleton":4,"stat.craftItem.minecraft.stone_slab2":0,"stat.killEntity.iruka_sensei":1,"stat.killEntity.Squid":1,"stat.useItem.minecraft.trapdoor":1,"stat.sprintOneCm":160732,"stat.craftItem.minecraft.stick":12,"stat.pickup.silentgear.sinew":2,"stat.mineBlock.minecraft.crafting_table":6,"stat.waystones:waystonesActivated":2,"stat.pickup.minecraft.emerald":1,"stat.entityKilledBy.Creeper":5,"stat.deaths":26,"stat.mineBlock.minecraft.planks":2,"stat.drop":23,"stat.pickup.minecraft.egg":5,"stat.playOneMinute":80229,"stat.drop.minecraft.string":1,"stat.killEntity.Sheep":3,"stat.craftItem.minecraft.iron_pickaxe":1,"stat.killEntity.Zombie":1,"stat.craftItem.minecraft.dye":3,"stat.drop.minecraft.iron_ingot":2,"stat.mineBlock.minecraft.tallgrass":1,"stat.diveOneCm":13340,"stat.chestOpened":10,"stat.useItem.minecraft.stone":3,"stat.drop.minecraft.wooden_pickaxe":1,"stat.pickup.minecraft.gravel":12,"stat.pickup.minecraft.iron_sword":2,"stat.pickup.minecraft.arrow":2,"stat.drop.minecraft.flint":1,"stat.useItem.minecraft.porkchop":9,"stat.jump":1629,"stat.useItem.minecraft.sand":2,"stat.pickup.minecraft.coal":28,"stat.fallOneCm":74968,"stat.pickup.minecraft.iron_ingot":11,"stat.useItem.minecraft.stone_axe":24,"stat.pickup.silentgear.flower":1,"stat.crouchOneCm":39804,"stat.pickup.minecraft.spider_eye":1,"stat.craftItem.minecraft.torch":4,"stat.craftItem.minecraft.iron_ingot":6,"stat.pickup.minecraft.dirt":44,"stat.craftingTableInteraction":16,"stat.pickup.minecraft.iron_ore":52,"stat.craftItem.narutomod.anbu_sword":1,"stat.entityKilledBy.itachi":1,"stat.damageTaken":8325,"stat.drop.minecraft.bone":1,"stat.useItem.additionallanterns.cobblestone_chain":15,"stat.mineBlock.minecraft.torch":3,"stat.mineBlock.minecraft.furnace":3,"stat.useItem.minecraft.wooden_pickaxe":14,"stat.useItem.minecraft.furnace":2,"stat.pickup.minecraft.dye":4,"stat.pickup.minecraft.planks":10,"stat.pickup.minecraft.bed":2,"stat.entityKilledBy.Zombie":3,"stat.mineBlock.minecraft.gravel":14,"stat.useItem.minecraft.stone_pickaxe":130,"stat.pickup.silentgear.flaxseeds":1,"stat.pickup.additionallanterns.cobblestone_chain":1,"stat.damageDealt":3618,"stat.sleepInBed":4,"stat.mineBlock.minecraft.dirt":28,"stat.killEntity.Pig":7,"stat.craftItem.minecraft.iron_sword":1,"stat.walkOneCm":157006,"stat.useItem.minecraft.torch":5,"stat.playerKills":1,"stat.drop.minecraft.rotten_flesh":1,"stat.pickup.minecraft.crafting_table":6,"stat.useItem.minecraft.cobblestone":70,"stat.craftItem.minecraft.crafting_table":1,"stat.useItem.minecraft.gravel":9,"stat.craftItem.additionallanterns.cobblestone_chain":16,"stat.mineBlock.minecraft.emerald_ore":1,"stat.pickup.minecraft.log":13,"stat.drop.minecraft.chicken":1,"stat.pickup.narutomod.shuriken":3,"stat.pickup.minecraft.stone":15,"stat.craftItem.minecraft.iron_chestplate":1,"stat.pickup.minecraft.chicken":1,"stat.pickup.minecraft.sapling":1,"stat.pickup.minecraft.wooden_door":4,"stat.drop.minecraft.bow":1,"stat.killEntity.Skeleton":4,"stat.entityKilledBy.whitezetsu":1,"stat.useItem.minecraft.iron_sword":62,"stat.craftItem.minecraft.planks":52,"stat.entityKilledBy.iruka_sensei":1,"stat.mineBlock.variedcommodities.sign":1,"stat.killEntity.Spider":4,"stat.mobKills":20,"stat.mineBlock.minecraft.log":12,"stat.craftItem.minecraft.wooden_door":6,"stat.useItem.carryon.entity_item":5,"stat.useItem.minecraft.wooden_door":4,"stat.mineBlock.minecraft.leaves":7,"stat.pickup.minecraft.torch":2,"stat.mineBlock.minecraft.redstone_ore":11,"stat.sneakTime":8313,"stat.pickup.minecraft.wool":11,"stat.mineBlock.minecraft.stone":110}