{"stat.chestOpened":10,"stat.walkOneCm":63064,"stat.playerKills":1,"stat.drop.gravestone.death_info":4,"stat.horseOneCm":2291,"stat.drop.minecraft.wooden_pickaxe":1,"stat.pickup.minecraft.iron_sword":1,"stat.pickup.minecraft.crafting_table":1,"stat.craftItem.minecraft.crafting_table":1,"stat.mineBlock.minecraft.coal_ore":3,"stat.useItem.minecraft.porkchop":1,"stat.pickup.gravestone.death_info":1,"stat.entityKilledBy.tenten":1,"stat.pickup.minecraft.string":1,"stat.pickup.minecraft.log":4,"stat.jump":621,"stat.swimOneCm":3646,"stat.pickup.minecraft.coal":3,"stat.climbOneCm":1650,"stat.fallOneCm":20016,"stat.entityKilledBy.Skeleton":1,"stat.useItem.minecraft.stone_axe":7,"stat.pickup.minecraft.porkchop":17,"stat.crouchOneCm":3092,"stat.pickup.minecraft.spider_eye":1,"stat.killEntity.iruka_sensei":1,"stat.pickup.minecraft.sapling":1,"stat.pickup.minecraft.dirt":27,"stat.useItem.minecraft.dirt":23,"stat.sprintOneCm":77216,"stat.useItem.minecraft.stone_slab2":4,"stat.craftItem.minecraft.stick":8,"stat.craftingTableInteraction":3,"stat.drop.minecraft.bow":1,"stat.craftItem.minecraft.furnace":1,"stat.pickup.silentgear.sinew":1,"stat.useItem.minecraft.iron_sword":34,"stat.craftItem.minecraft.planks":16,"stat.useItem.minecraft.egg":5,"stat.entityKilledBy.iruka_sensei":1,"stat.mineBlock.variedcommodities.sign":1,"stat.craftItem.minecraft.stone_axe":1,"stat.damageTaken":1469,"stat.killEntity.Spider":2,"stat.mineBlock.minecraft.crafting_table":1,"stat.waystones:waystonesActivated":1,"stat.craftItem.minecraft.stone_pickaxe":1,"stat.useItem.minecraft.wooden_pickaxe":14,"stat.pickup.armourers_workshop.item.mannequin":2,"stat.mobKills":10,"stat.pickup.minecraft.cobblestone":17,"stat.mineBlock.minecraft.log":4,"stat.pickup.minecraft.planks":10,"stat.useItem.carryon.entity_item":5,"stat.flyOneCm":120895,"stat.deaths":5,"stat.drop":7,"stat.pickup.minecraft.egg":5,"stat.mineBlock.minecraft.leaves":6,"stat.playOneMinute":23385,"stat.entityKilledBy.Zombie":1,"stat.drop.minecraft.string":1,"stat.useItem.minecraft.stone_pickaxe":7,"stat.killEntity.Sheep":1,"stat.sneakTime":1088,"stat.damageDealt":1847,"stat.sleepInBed":4,"stat.timeSinceDeath":800,"stat.mineBlock.minecraft.dirt":16,"stat.killEntity.Pig":7,"stat.craftItem.minecraft.wooden_pickaxe":1,"stat.mineBlock.minecraft.stone":18,"stat.mineBlock.minecraft.tallgrass":1,"stat.diveOneCm":563}