{"stat.pickup.minecraft.bone":2,"stat.horseOneCm":2291,"stat.leaveGame":1,"stat.mineBlock.minecraft.cobblestone":10,"stat.craftItem.minecraft.wool":1,"stat.pickup.gravestone.death_info":15,"stat.entityKilledBy.tenten":5,"stat.drop.narutomod.shuriken":3,"stat.swimOneCm":8441,"stat.climbOneCm":1650,"stat.craftItem.minecraft.shield":1,"stat.useItem.minecraft.planks":6,"stat.pickup.minecraft.porkchop":17,"stat.useItem.minecraft.dirt":30,"stat.useItem.minecraft.stone_slab2":25,"stat.mineBlock.silentgear.flower":1,"stat.mineBlock.minecraft.stone_brick_stairs":1,"stat.pickup.minecraft.rotten_flesh":1,"stat.craftItem.minecraft.furnace":3,"stat.useItem.minecraft.egg":5,"stat.craftItem.minecraft.stone_axe":1,"stat.craftItem.minecraft.stone_pickaxe":2,"stat.pickup.armourers_workshop.item.mannequin":2,"stat.pickup.minecraft.cobblestone":101,"stat.flyOneCm":390181,"stat.pickup.narutomod.kunai":3,"stat.pickup.minecraft.redstone":49,"stat.mineBlock.minecraft.iron_ore":42,"stat.timeSinceDeath":7555,"stat.useItem.minecraft.iron_pickaxe":36,"stat.craftItem.minecraft.wooden_pickaxe":1,"stat.pickup.minecraft.mutton":2,"stat.craftItem.minecraft.bed":1,"stat.drop.gravestone.death_info":12,"stat.furnaceInteraction":5,"stat.mineBlock.minecraft.coal_ore":20,"stat.drop.minecraft.wool":5,"stat.pickup.minecraft.string":1,"stat.pickup.minecraft.furnace":3,"stat.entityKilledBy.Skeleton":4,"stat.craftItem.minecraft.stone_slab2":0,"stat.killEntity.iruka_sensei":1,"stat.killEntity.Squid":1,"stat.sprintOneCm":147861,"stat.craftItem.minecraft.stick":12,"stat.pickup.silentgear.sinew":1,"stat.mineBlock.minecraft.crafting_table":6,"stat.waystones:waystonesActivated":1,"stat.pickup.minecraft.emerald":1,"stat.entityKilledBy.Creeper":4,"stat.deaths":24,"stat.mineBlock.minecraft.planks":2,"stat.drop":22,"stat.pickup.minecraft.egg":5,"stat.playOneMinute":67629,"stat.drop.minecraft.string":1,"stat.killEntity.Sheep":2,"stat.craftItem.minecraft.iron_pickaxe":1,"stat.killEntity.Zombie":1,"stat.craftItem.minecraft.dye":3,"stat.drop.minecraft.iron_ingot":2,"stat.mineBlock.minecraft.tallgrass":1,"stat.diveOneCm":7901,"stat.chestOpened":10,"stat.useItem.minecraft.stone":3,"stat.drop.minecraft.wooden_pickaxe":1,"stat.pickup.minecraft.gravel":1,"stat.pickup.minecraft.iron_sword":2,"stat.pickup.minecraft.arrow":2,"stat.useItem.minecraft.porkchop":2,"stat.jump":1221,"stat.pickup.minecraft.coal":28,"stat.fallOneCm":51332,"stat.pickup.minecraft.iron_ingot":11,"stat.useItem.minecraft.stone_axe":24,"stat.pickup.silentgear.flower":1,"stat.crouchOneCm":15543,"stat.pickup.minecraft.spider_eye":1,"stat.craftItem.minecraft.torch":4,"stat.craftItem.minecraft.iron_ingot":6,"stat.pickup.minecraft.dirt":33,"stat.craftingTableInteraction":14,"stat.pickup.minecraft.iron_ore":43,"stat.craftItem.narutomod.anbu_sword":1,"stat.entityKilledBy.itachi":1,"stat.damageTaken":7645,"stat.drop.minecraft.bone":1,"stat.useItem.additionallanterns.cobblestone_chain":15,"stat.mineBlock.minecraft.torch":3,"stat.mineBlock.minecraft.furnace":3,"stat.useItem.minecraft.wooden_pickaxe":14,"stat.useItem.minecraft.furnace":2,"stat.pickup.minecraft.dye":4,"stat.pickup.minecraft.planks":10,"stat.pickup.minecraft.bed":2,"stat.entityKilledBy.Zombie":3,"stat.mineBlock.minecraft.gravel":1,"stat.useItem.minecraft.stone_pickaxe":130,"stat.pickup.additionallanterns.cobblestone_chain":1,"stat.damageDealt":3359,"stat.sleepInBed":4,"stat.mineBlock.minecraft.dirt":23,"stat.killEntity.Pig":7,"stat.craftItem.minecraft.iron_sword":1,"stat.walkOneCm":134509,"stat.useItem.minecraft.torch":5,"stat.playerKills":1,"stat.drop.minecraft.rotten_flesh":1,"stat.pickup.minecraft.crafting_table":6,"stat.useItem.minecraft.cobblestone":42,"stat.craftItem.minecraft.crafting_table":1,"stat.craftItem.additionallanterns.cobblestone_chain":16,"stat.mineBlock.minecraft.emerald_ore":1,"stat.pickup.minecraft.log":12,"stat.drop.minecraft.chicken":1,"stat.pickup.narutomod.shuriken":3,"stat.pickup.minecraft.stone":14,"stat.craftItem.minecraft.iron_chestplate":1,"stat.pickup.minecraft.chicken":1,"stat.pickup.minecraft.sapling":1,"stat.pickup.minecraft.wooden_door":4,"stat.drop.minecraft.bow":1,"stat.killEntity.Skeleton":3,"stat.useItem.minecraft.iron_sword":59,"stat.craftItem.minecraft.planks":48,"stat.entityKilledBy.iruka_sensei":1,"stat.mineBlock.variedcommodities.sign":1,"stat.killEntity.Spider":4,"stat.mobKills":18,"stat.mineBlock.minecraft.log":12,"stat.craftItem.minecraft.wooden_door":6,"stat.useItem.carryon.entity_item":5,"stat.useItem.minecraft.wooden_door":4,"stat.mineBlock.minecraft.leaves":6,"stat.pickup.minecraft.torch":2,"stat.mineBlock.minecraft.redstone_ore":11,"stat.sneakTime":4348,"stat.pickup.minecraft.wool":10,"stat.mineBlock.minecraft.stone":93}