{"stat.pickup.minecraft.bone":2,"stat.horseOneCm":2291,"stat.leaveGame":1,"stat.mineBlock.minecraft.cobblestone":4,"stat.pickup.gravestone.death_info":5,"stat.entityKilledBy.tenten":1,"stat.swimOneCm":3878,"stat.climbOneCm":1650,"stat.craftItem.minecraft.shield":1,"stat.pickup.minecraft.porkchop":17,"stat.useItem.minecraft.dirt":27,"stat.useItem.minecraft.stone_slab2":18,"stat.craftItem.minecraft.furnace":3,"stat.useItem.minecraft.egg":5,"stat.craftItem.minecraft.stone_axe":1,"stat.craftItem.minecraft.stone_pickaxe":2,"stat.pickup.armourers_workshop.item.mannequin":2,"stat.pickup.minecraft.cobblestone":67,"stat.flyOneCm":161141,"stat.mineBlock.minecraft.iron_ore":17,"stat.timeSinceDeath":0,"stat.craftItem.minecraft.wooden_pickaxe":1,"stat.craftItem.minecraft.bed":1,"stat.drop.gravestone.death_info":6,"stat.furnaceInteraction":5,"stat.mineBlock.minecraft.coal_ore":11,"stat.drop.minecraft.wool":5,"stat.pickup.minecraft.string":1,"stat.pickup.minecraft.furnace":3,"stat.entityKilledBy.Skeleton":4,"stat.craftItem.minecraft.stone_slab2":0,"stat.killEntity.iruka_sensei":1,"stat.sprintOneCm":102071,"stat.craftItem.minecraft.stick":12,"stat.pickup.silentgear.sinew":1,"stat.mineBlock.minecraft.crafting_table":2,"stat.waystones:waystonesActivated":1,"stat.entityKilledBy.Creeper":4,"stat.deaths":16,"stat.drop":11,"stat.pickup.minecraft.egg":5,"stat.playOneMinute":43329,"stat.drop.minecraft.string":1,"stat.killEntity.Sheep":1,"stat.craftItem.minecraft.iron_pickaxe":1,"stat.mineBlock.minecraft.tallgrass":1,"stat.diveOneCm":7743,"stat.chestOpened":10,"stat.useItem.minecraft.stone":3,"stat.drop.minecraft.wooden_pickaxe":1,"stat.pickup.minecraft.gravel":1,"stat.pickup.minecraft.iron_sword":1,"stat.pickup.minecraft.arrow":2,"stat.useItem.minecraft.porkchop":1,"stat.jump":860,"stat.pickup.minecraft.coal":18,"stat.fallOneCm":27671,"stat.pickup.minecraft.iron_ingot":11,"stat.useItem.minecraft.stone_axe":13,"stat.crouchOneCm":6783,"stat.pickup.minecraft.spider_eye":1,"stat.craftItem.minecraft.torch":4,"stat.craftItem.minecraft.iron_ingot":6,"stat.pickup.minecraft.dirt":33,"stat.craftingTableInteraction":11,"stat.pickup.minecraft.iron_ore":18,"stat.damageTaken":5374,"stat.drop.minecraft.bone":1,"stat.useItem.additionallanterns.cobblestone_chain":15,"stat.mineBlock.minecraft.torch":1,"stat.mineBlock.minecraft.furnace":3,"stat.useItem.minecraft.wooden_pickaxe":14,"stat.useItem.minecraft.furnace":2,"stat.pickup.minecraft.planks":10,"stat.pickup.minecraft.bed":2,"stat.entityKilledBy.Zombie":3,"stat.mineBlock.minecraft.gravel":1,"stat.useItem.minecraft.stone_pickaxe":82,"stat.pickup.additionallanterns.cobblestone_chain":1,"stat.damageDealt":2799,"stat.sleepInBed":4,"stat.mineBlock.minecraft.dirt":21,"stat.killEntity.Pig":7,"stat.walkOneCm":90802,"stat.useItem.minecraft.torch":3,"stat.playerKills":1,"stat.pickup.minecraft.crafting_table":2,"stat.useItem.minecraft.cobblestone":10,"stat.craftItem.minecraft.crafting_table":1,"stat.craftItem.additionallanterns.cobblestone_chain":16,"stat.pickup.minecraft.log":9,"stat.pickup.minecraft.stone":7,"stat.craftItem.minecraft.iron_chestplate":1,"stat.pickup.minecraft.sapling":1,"stat.pickup.minecraft.wooden_door":4,"stat.drop.minecraft.bow":1,"stat.killEntity.Skeleton":3,"stat.useItem.minecraft.iron_sword":50,"stat.craftItem.minecraft.planks":36,"stat.entityKilledBy.iruka_sensei":1,"stat.mineBlock.variedcommodities.sign":1,"stat.killEntity.Spider":4,"stat.mobKills":15,"stat.mineBlock.minecraft.log":9,"stat.craftItem.minecraft.wooden_door":6,"stat.useItem.carryon.entity_item":5,"stat.useItem.minecraft.wooden_door":4,"stat.mineBlock.minecraft.leaves":6,"stat.pickup.minecraft.torch":2,"stat.sneakTime":2719,"stat.pickup.minecraft.wool":8,"stat.mineBlock.minecraft.stone":61}