{"stat.pickup.minecraft.bone":6,"stat.horseOneCm":2291,"stat.leaveGame":1,"stat.mineBlock.minecraft.cobblestone":13,"stat.pickup.minecraft.flint":1,"stat.pickup.narutomod.zabuza_sword":1,"stat.craftItem.minecraft.wool":1,"stat.pickup.gravestone.death_info":15,"stat.useItem.narutomod.anbu_sword":3,"stat.entityKilledBy.tenten":5,"stat.drop.narutomod.shuriken":3,"stat.useItem.minecraft.mutton":1,"stat.swimOneCm":17981,"stat.climbOneCm":1650,"stat.craftItem.minecraft.shield":1,"stat.useItem.minecraft.planks":10,"stat.killEntity.haku":1,"stat.pickup.minecraft.porkchop":17,"stat.useItem.minecraft.dirt":40,"stat.useItem.minecraft.stone_slab2":40,"stat.pickup.minecraft.bow":4,"stat.mineBlock.silentgear.flower":1,"stat.mineBlock.minecraft.stone_brick_stairs":1,"stat.pickup.minecraft.rotten_flesh":6,"stat.pickup.minecraft.sand":28,"stat.craftItem.minecraft.furnace":3,"stat.entityKilledBy.zabuza_momochi":1,"stat.useItem.minecraft.egg":5,"stat.craftItem.minecraft.stone_axe":1,"stat.craftItem.minecraft.iron_boots":1,"stat.craftItem.minecraft.trapdoor":4,"stat.craftItem.minecraft.stone_pickaxe":2,"stat.pickup.armourers_workshop.item.mannequin":2,"stat.pickup.minecraft.cobblestone":120,"stat.flyOneCm":803901,"stat.craftItem.minecraft.iron_shovel":1,"stat.mineBlock.minecraft.sand":24,"stat.pickup.narutomod.kunai":3,"stat.pickup.minecraft.redstone":49,"stat.mineBlock.minecraft.iron_ore":51,"stat.timeSinceDeath":241,"stat.useItem.minecraft.iron_pickaxe":76,"stat.craftItem.minecraft.wooden_pickaxe":1,"stat.pickup.minecraft.mutton":4,"stat.useItem.minecraft.iron_shovel":18,"stat.craftItem.minecraft.bed":1,"stat.drop.gravestone.death_info":13,"stat.furnaceInteraction":30,"stat.killEntity.Wolf":2,"stat.pickup.minecraft.trapdoor":1,"stat.mineBlock.minecraft.coal_ore":20,"stat.drop.minecraft.wool":5,"stat.pickup.minecraft.string":1,"stat.pickup.minecraft.beef":2,"stat.pickup.minecraft.furnace":5,"stat.entityKilledBy.Skeleton":4,"stat.craftItem.minecraft.stone_slab2":0,"stat.killEntity.iruka_sensei":1,"stat.killEntity.Squid":1,"stat.useItem.minecraft.trapdoor":2,"stat.sprintOneCm":168179,"stat.craftItem.minecraft.stick":16,"stat.pickup.silentgear.sinew":3,"stat.mineBlock.minecraft.crafting_table":8,"stat.waystones:waystonesActivated":2,"stat.pickup.minecraft.emerald":1,"stat.entityKilledBy.Creeper":6,"stat.useItem.minecraft.beef":2,"stat.deaths":29,"stat.mineBlock.minecraft.planks":2,"stat.drop":24,"stat.pickup.minecraft.egg":5,"stat.playOneMinute":92829,"stat.drop.minecraft.string":1,"stat.killEntity.Sheep":3,"stat.craftItem.minecraft.iron_pickaxe":1,"stat.killEntity.Zombie":6,"stat.craftItem.minecraft.dye":3,"stat.drop.minecraft.iron_ingot":2,"stat.mineBlock.minecraft.tallgrass":3,"stat.diveOneCm":13402,"stat.chestOpened":10,"stat.useItem.minecraft.stone":3,"stat.drop.minecraft.wooden_pickaxe":1,"stat.pickup.minecraft.gravel":19,"stat.pickup.minecraft.iron_sword":2,"stat.pickup.minecraft.arrow":3,"stat.drop.minecraft.flint":1,"stat.useItem.minecraft.porkchop":9,"stat.jump":1766,"stat.useItem.minecraft.sand":11,"stat.pickup.minecraft.coal":39,"stat.fallOneCm":80931,"stat.pickup.minecraft.iron_ingot":18,"stat.useItem.minecraft.stone_axe":38,"stat.pickup.silentgear.flower":1,"stat.crouchOneCm":43895,"stat.pickup.minecraft.spider_eye":1,"stat.craftItem.minecraft.torch":4,"stat.craftItem.minecraft.iron_ingot":34,"stat.pickup.minecraft.dirt":44,"stat.craftItem.minecraft.iron_helmet":1,"stat.craftingTableInteraction":21,"stat.pickup.minecraft.iron_ore":52,"stat.craftItem.narutomod.anbu_sword":1,"stat.entityKilledBy.itachi":1,"stat.damageTaken":9346,"stat.drop.minecraft.bone":1,"stat.useItem.additionallanterns.cobblestone_chain":15,"stat.mineBlock.minecraft.torch":3,"stat.mineBlock.minecraft.furnace":6,"stat.useItem.minecraft.wooden_pickaxe":14,"stat.useItem.minecraft.furnace":4,"stat.pickup.minecraft.dye":4,"stat.pickup.minecraft.planks":10,"stat.pickup.minecraft.bed":2,"stat.entityKilledBy.Zombie":3,"stat.mineBlock.minecraft.gravel":14,"stat.useItem.minecraft.stone_pickaxe":130,"stat.pickup.silentgear.flaxseeds":1,"stat.pickup.additionallanterns.cobblestone_chain":1,"stat.useItem.narutomod.zabuza_sword":53,"stat.craftItem.minecraft.iron_leggings":1,"stat.damageDealt":6009,"stat.sleepInBed":4,"stat.killEntity.Cow":1,"stat.mineBlock.minecraft.dirt":28,"stat.killEntity.Pig":7,"stat.craftItem.minecraft.iron_sword":1,"stat.walkOneCm":190395,"stat.useItem.minecraft.torch":5,"stat.playerKills":5,"stat.drop.minecraft.rotten_flesh":1,"stat.pickup.minecraft.crafting_table":8,"stat.useItem.minecraft.cobblestone":79,"stat.craftItem.minecraft.crafting_table":2,"stat.useItem.minecraft.gravel":11,"stat.craftItem.additionallanterns.cobblestone_chain":16,"stat.mineBlock.minecraft.emerald_ore":1,"stat.pickup.minecraft.log":25,"stat.drop.minecraft.chicken":1,"stat.pickup.narutomod.shuriken":3,"stat.pickup.minecraft.stone":15,"stat.craftItem.minecraft.iron_chestplate":1,"stat.pickup.minecraft.chicken":1,"stat.pickup.minecraft.sapling":1,"stat.pickup.minecraft.wooden_door":4,"stat.drop.minecraft.bow":1,"stat.killEntity.Skeleton":6,"stat.entityKilledBy.whitezetsu":1,"stat.useItem.minecraft.iron_sword":64,"stat.craftItem.minecraft.planks":96,"stat.entityKilledBy.iruka_sensei":1,"stat.mineBlock.variedcommodities.sign":1,"stat.killEntity.Spider":4,"stat.mobKills":32,"stat.mineBlock.minecraft.log":23,"stat.craftItem.minecraft.wooden_door":6,"stat.useItem.carryon.entity_item":5,"stat.useItem.minecraft.wooden_door":4,"stat.mineBlock.minecraft.leaves":7,"stat.pickup.minecraft.torch":2,"stat.mineBlock.minecraft.redstone_ore":11,"stat.sneakTime":8888,"stat.pickup.minecraft.wool":11,"stat.mineBlock.minecraft.stone":115}