{"stat.chestOpened":9,"stat.walkOneCm":28092,"stat.drop.gravestone.death_info":2,"stat.pickup.minecraft.iron_sword":1,"stat.damageTaken":630,"stat.killEntity.Spider":1,"stat.waystones:waystonesActivated":1,"stat.useItem.carryon.entity_item":4,"stat.entityKilledBy.tenten":1,"stat.pickup.minecraft.string":1,"stat.flyOneCm":42855,"stat.deaths":2,"stat.drop":2,"stat.swimOneCm":2792,"stat.jump":234,"stat.pickup.minecraft.egg":2,"stat.playOneMinute":10785,"stat.entityKilledBy.Zombie":1,"stat.climbOneCm":1650,"stat.fallOneCm":4562,"stat.sneakTime":582,"stat.damageDealt":105,"stat.crouchOneCm":1850,"stat.sleepInBed":3,"stat.timeSinceDeath":3675,"stat.pickup.minecraft.spider_eye":1,"stat.pickup.minecraft.dirt":15,"stat.useItem.minecraft.dirt":9,"stat.sprintOneCm":24866,"stat.mineBlock.minecraft.dirt":5,"stat.useItem.minecraft.stone_slab2":1,"stat.mineBlock.minecraft.tallgrass":1,"stat.diveOneCm":563}