{"stat.chestOpened":10,"stat.horseOneCm":2291,"stat.useItem.minecraft.stone":3,"stat.drop.minecraft.wooden_pickaxe":1,"stat.pickup.minecraft.gravel":1,"stat.leaveGame":1,"stat.pickup.minecraft.iron_sword":1,"stat.mineBlock.minecraft.cobblestone":2,"stat.useItem.minecraft.porkchop":1,"stat.pickup.gravestone.death_info":5,"stat.entityKilledBy.tenten":1,"stat.jump":788,"stat.swimOneCm":3878,"stat.pickup.minecraft.coal":11,"stat.climbOneCm":1650,"stat.fallOneCm":26108,"stat.useItem.minecraft.stone_axe":13,"stat.pickup.minecraft.porkchop":17,"stat.crouchOneCm":6669,"stat.pickup.minecraft.spider_eye":1,"stat.craftItem.minecraft.torch":4,"stat.pickup.minecraft.dirt":32,"stat.useItem.minecraft.dirt":26,"stat.useItem.minecraft.stone_slab2":15,"stat.craftingTableInteraction":10,"stat.pickup.minecraft.iron_ore":17,"stat.craftItem.minecraft.furnace":3,"stat.useItem.minecraft.egg":5,"stat.craftItem.minecraft.stone_axe":1,"stat.damageTaken":2959,"stat.useItem.additionallanterns.cobblestone_chain":15,"stat.craftItem.minecraft.stone_pickaxe":2,"stat.useItem.minecraft.wooden_pickaxe":14,"stat.useItem.minecraft.furnace":2,"stat.pickup.armourers_workshop.item.mannequin":2,"stat.pickup.minecraft.cobblestone":51,"stat.pickup.minecraft.planks":10,"stat.flyOneCm":152531,"stat.pickup.minecraft.bed":2,"stat.entityKilledBy.Zombie":2,"stat.mineBlock.minecraft.gravel":1,"stat.useItem.minecraft.stone_pickaxe":70,"stat.damageDealt":1963,"stat.mineBlock.minecraft.iron_ore":16,"stat.sleepInBed":4,"stat.timeSinceDeath":4441,"stat.mineBlock.minecraft.dirt":21,"stat.craftItem.minecraft.wooden_pickaxe":1,"stat.killEntity.Pig":7,"stat.walkOneCm":77115,"stat.craftItem.minecraft.bed":1,"stat.useItem.minecraft.torch":1,"stat.playerKills":1,"stat.drop.gravestone.death_info":6,"stat.pickup.minecraft.crafting_table":2,"stat.useItem.minecraft.cobblestone":6,"stat.craftItem.minecraft.crafting_table":1,"stat.furnaceInteraction":4,"stat.mineBlock.minecraft.coal_ore":11,"stat.drop.minecraft.wool":5,"stat.craftItem.additionallanterns.cobblestone_chain":16,"stat.pickup.minecraft.string":1,"stat.pickup.minecraft.log":9,"stat.entityKilledBy.Skeleton":1,"stat.pickup.minecraft.stone":5,"stat.killEntity.iruka_sensei":1,"stat.pickup.minecraft.sapling":1,"stat.sprintOneCm":96606,"stat.pickup.minecraft.wooden_door":4,"stat.craftItem.minecraft.stick":12,"stat.drop.minecraft.bow":1,"stat.pickup.silentgear.sinew":1,"stat.useItem.minecraft.iron_sword":35,"stat.craftItem.minecraft.planks":36,"stat.entityKilledBy.iruka_sensei":1,"stat.mineBlock.variedcommodities.sign":1,"stat.killEntity.Spider":2,"stat.mineBlock.minecraft.crafting_table":2,"stat.waystones:waystonesActivated":1,"stat.mobKills":10,"stat.mineBlock.minecraft.log":9,"stat.craftItem.minecraft.wooden_door":6,"stat.useItem.carryon.entity_item":5,"stat.useItem.minecraft.wooden_door":4,"stat.deaths":8,"stat.drop":10,"stat.pickup.minecraft.egg":5,"stat.mineBlock.minecraft.leaves":6,"stat.playOneMinute":33925,"stat.drop.minecraft.string":1,"stat.killEntity.Sheep":1,"stat.sneakTime":2649,"stat.pickup.minecraft.wool":8,"stat.mineBlock.minecraft.stone":55,"stat.mineBlock.minecraft.tallgrass":1,"stat.diveOneCm":7743}