{"stat.pickup.minecraft.sand":1,"stat.walkOneCm":55533,"stat.leaveGame":15,"stat.damageTaken":40,"stat.useItem.customnpcs.npcsoulstonefilled":6,"stat.pickup.variedcommodities.coin_diamond":1,"stat.pickup.variedcommodities.coin_emerald":1,"stat.useItem.minecraft.glowstone":2,"stat.flyOneCm":255591,"stat.deaths":1,"stat.drop":1,"stat.jump":118,"stat.swimOneCm":634,"stat.playOneMinute":34369,"stat.sneakTime":209,"stat.crouchOneCm":447,"stat.timeSinceDeath":22767,"stat.sprintOneCm":14689,"stat.useItem.minecraft.stone_slab2":92,"stat.useItem.customnpcs.npcmobcloner":3,"stat.diveOneCm":177,"stat.drop.variedcommodities.coin_diamond":1}