{"stat.chestOpened":2,"stat.pickup.minecraft.bone":2,"stat.leaveGame":1,"stat.pickup.minecraft.arrow":4,"stat.mineBlock.minecraft.cobblestone":7,"stat.useItem.minecraft.chicken":2,"stat.useItem.minecraft.porkchop":6,"stat.useItem.minecraft.rotten_flesh":3,"stat.useItem.minecraft.mutton":6,"stat.jump":794,"stat.swimOneCm":6457,"stat.pickup.variedcommodities.sign":1,"stat.pickup.minecraft.coal":18,"stat.fallOneCm":25611,"stat.climbOneCm":652,"stat.craftItem.minecraft.shield":1,"stat.useItem.minecraft.stone_axe":32,"stat.pickup.minecraft.porkchop":6,"stat.crouchOneCm":2703,"stat.craftItem.minecraft.iron_ingot":18,"stat.pickup.minecraft.dirt":26,"stat.useItem.minecraft.dirt":13,"stat.useItem.minecraft.stone_slab2":14,"stat.pickup.minecraft.bow":1,"stat.craftingTableInteraction":12,"stat.pickup.minecraft.iron_ore":18,"stat.pickup.minecraft.rotten_flesh":3,"stat.pickup.minecraft.sand":7,"stat.craftItem.minecraft.furnace":1,"stat.entityKilledBy.Spider":2,"stat.drop.silentgear.sinew":1,"stat.useItem.minecraft.egg":5,"stat.craftItem.minecraft.stone_axe":1,"stat.pickup.minecraft.feather":4,"stat.damageTaken":3010,"stat.craftItem.minecraft.stone_pickaxe":1,"stat.mineBlock.minecraft.furnace":1,"stat.useItem.minecraft.wooden_pickaxe":12,"stat.pickup.minecraft.cobblestone":32,"stat.pickup.minecraft.planks":2,"stat.flyOneCm":154301,"stat.pickup.minecraft.bed":2,"stat.useItem.narutomod.cleaver":7,"stat.useItem.minecraft.stone_pickaxe":52,"stat.damageDealt":2782,"stat.mineBlock.minecraft.iron_ore":19,"stat.sleepInBed":4,"stat.timeSinceDeath":195,"stat.mineBlock.minecraft.dirt":10,"stat.useItem.minecraft.iron_pickaxe":1,"stat.craftItem.minecraft.wooden_pickaxe":1,"stat.killEntity.Pig":2,"stat.pickup.minecraft.mutton":20,"stat.craftItem.minecraft.iron_block":1,"stat.walkOneCm":82936,"stat.playerKills":1,"stat.drop.gravestone.death_info":3,"stat.pickup.minecraft.crafting_table":2,"stat.useItem.minecraft.cobblestone":15,"stat.craftItem.minecraft.crafting_table":2,"stat.furnaceInteraction":11,"stat.drop.minecraft.dirt":3,"stat.mineBlock.minecraft.double_plant":1,"stat.drop.minecraft.wool":8,"stat.mineBlock.minecraft.coal_ore":18,"stat.killEntity.Creeper":1,"stat.pickup.minecraft.string":1,"stat.pickup.minecraft.log":13,"stat.craftItem.silentgear.sinew_fiber":3,"stat.useItem.minecraft.cooked_mutton":2,"stat.pickup.minecraft.furnace":1,"stat.craftItem.narutomod.cleaver":1,"stat.entityKilledBy.Skeleton":1,"stat.craftItem.minecraft.stone_slab2":0,"stat.craftItem.silentgear.dried_sinew":1,"stat.pickup.minecraft.chicken":5,"stat.pickup.minecraft.sapling":1,"stat.sprintOneCm":116265,"stat.craftItem.minecraft.stick":12,"stat.killEntity.Skeleton":2,"stat.pickup.silentgear.sinew":2,"stat.craftItem.minecraft.planks":52,"stat.killEntity.Chicken":3,"stat.mineBlock.minecraft.crafting_table":2,"stat.waystones:waystonesActivated":1,"stat.mobKills":21,"stat.mineBlock.minecraft.log":13,"stat.useItem.carryon.entity_item":1,"stat.deaths":7,"stat.drop":11,"stat.pickup.minecraft.egg":5,"stat.mineBlock.minecraft.leaves":1,"stat.playOneMinute":49170,"stat.killEntity.Sheep":11,"stat.sneakTime":1300,"stat.craftItem.minecraft.iron_pickaxe":1,"stat.pickup.minecraft.wool":17,"stat.killEntity.Zombie":1,"stat.drop.minecraft.arrow":4,"stat.mineBlock.minecraft.stone":19,"stat.mineBlock.minecraft.tallgrass":5,"stat.craftItem.minecraft.cooked_mutton":12,"stat.diveOneCm":7754}