{"stats":{"minecraft:used":{"minecraft:stone_sword":50,"minecraft:stone_pickaxe":78,"minecraft:wooden_pickaxe":6,"minecraft:shield":3,"minecraft:rotten_flesh":1,"minecraft:salmon":7,"minecraft:torch":2,"minecraft:dirt":1,"minecraft:mutton":5,"minecraft:crafting_table":3,"minecraft:red_bed":2,"minecraft:cod":3,"minecraft:iron_pickaxe":6,"minecraft:spruce_sapling":3,"minecraft:stone_axe":35,"minecraft:cobblestone":32,"minecraft:sweet_berries":3,"minecraft:goat_horn":6,"minecraft:furnace":2,"minecraft:porkchop":5},"minecraft:custom":{"minecraft:interact_with_furnace":9,"minecraft:mob_kills":23,"minecraft:interact_with_crafting_table":9,"minecraft:leave_game":6,"minecraft:time_since_death":39261,"minecraft:sleep_in_bed":2,"minecraft:climb_one_cm":56,"minecraft:time_since_rest":14460,"minecraft:sprint_one_cm":98750,"minecraft:damage_taken":220,"minecraft:walk_one_cm":94630,"minecraft:damage_blocked_by_shield":85,"minecraft:drop":15,"minecraft:damage_dealt":2183,"minecraft:swim_one_cm":23358,"minecraft:fly_one_cm":111120,"minecraft:player_kills":1,"minecraft:open_chest":1,"minecraft:crouch_one_cm":5714,"minecraft:play_time":39261,"minecraft:sneak_time":1729,"minecraft:walk_under_water_one_cm":12665,"minecraft:jump":681,"minecraft:walk_on_water_one_cm":3047,"minecraft:total_world_time":39261,"minecraft:fall_one_cm":12804},"minecraft:crafted":{"minecraft:crafting_table":2,"minecraft:spruce_planks":76,"minecraft:wooden_pickaxe":1,"minecraft:furnace":1,"minecraft:stone_axe":1,"minecraft:air":0,"minecraft:shield":2,"minecraft:stick":12,"minecraft:iron_ingot":5,"minecraft:iron_pickaxe":1,"minecraft:stone_pickaxe":1,"minecraft:stone_sword":1,"minecraft:torch":4,"minecraft:wheat":18},"minecraft:killed":{"minecraft:pig":2,"minecraft:salmon":7,"minecraft:cod":3,"minecraft:sheep":3,"minecraft:pillager":2,"minecraft:zombie":1,"minecraft:cow":5},"minecraft:mined":{"minecraft:red_bed":2,"minecraft:dark_oak_log":3,"minecraft:crafting_table":2,"minecraft:dark_oak_fence":6,"minecraft:grass_block":4,"minecraft:cobblestone":2,"minecraft:spruce_leaves":22,"minecraft:sugar_cane":1,"minecraft:hay_block":2,"minecraft:furnace":2,"minecraft:iron_ore":7,"minecraft:sweet_berry_bush":56,"minecraft:ice":20,"minecraft:spruce_log":24,"minecraft:bee_nest":1,"minecraft:white_wall_banner":4,"minecraft:grass":9,"minecraft:coal_ore":24,"minecraft:dirt":12,"minecraft:stone":54,"minecraft:fern":1},"minecraft:picked_up":{"minecraft:crafting_table":2,"minecraft:salmon":7,"minecraft:leather":5,"minecraft:wooden_pickaxe":1,"minecraft:dirt":31,"minecraft:red_bed":2,"minecraft:white_banner":3,"minecraft:bone":1,"minecraft:beef":9,"minecraft:sugar_cane":7,"minecraft:furnace":2,"minecraft:stick":2,"minecraft:raw_iron":7,"minecraft:sweet_berries":121,"minecraft:porkchop":5,"minecraft:spruce_sapling":4,"minecraft:spruce_log":19,"minecraft:dark_oak_log":3,"minecraft:rotten_flesh":1,"minecraft:hay_block":2,"minecraft:crossbow":1,"minecraft:bone_meal":1,"minecraft:mutton":5,"minecraft:dark_oak_fence":6,"minecraft:coal":24,"minecraft:cod":3,"minecraft:cobblestone":57,"minecraft:white_wool":3},"minecraft:dropped":{"minecraft:sugar_cane":7,"minecraft:stick":2,"minecraft:dirt":30,"minecraft:dark_oak_log":3,"minecraft:dark_oak_fence":6,"minecraft:bone_meal":1,"minecraft:bone":1}},"DataVersion":3465}