{"stat.chestOpened":2,"stat.walkOneCm":67141,"stat.drop.gravestone.death_info":1,"stat.leaveGame":1,"stat.pickup.minecraft.arrow":1,"stat.useItem.minecraft.cobblestone":2,"stat.drop.minecraft.dirt":1,"stat.mineBlock.minecraft.double_plant":1,"stat.pickup.minecraft.leather_chestplate":1,"stat.useItem.minecraft.porkchop":2,"stat.useItem.minecraft.diamond_sword":24,"stat.pickup.minecraft.log":7,"stat.useItem.minecraft.rotten_flesh":5,"stat.drop.narutomod.scroll_kirin":1,"stat.jump":397,"stat.swimOneCm":6289,"stat.fallOneCm":7349,"stat.climbOneCm":592,"stat.killEntity.whitezetsu":2,"stat.drop.minecraft.leather_chestplate":1,"stat.entityKilledBy.Skeleton":1,"stat.pickup.minecraft.carrot":81,"stat.useItem.minecraft.stone_axe":1,"stat.pickup.minecraft.porkchop":2,"stat.crouchOneCm":1934,"stat.pickup.lootbags.itemlootbag":1,"stat.pickup.minecraft.dirt":2,"stat.drop.minecraft.egg":1,"stat.sprintOneCm":53706,"stat.useItem.minecraft.stone_slab2":4,"stat.entityKilledBy.Enderman":1,"stat.craftItem.minecraft.stick":8,"stat.craftingTableInteraction":4,"stat.pickup.minecraft.rotten_flesh":8,"stat.killEntity.Skeleton":1,"stat.pickup.variedcommodities.wall_banner":1,"stat.craftItem.minecraft.planks":24,"stat.useItem.minecraft.egg":2,"stat.craftItem.minecraft.stone_axe":1,"stat.damageTaken":980,"stat.craftItem.minecraft.stone_pickaxe":1,"stat.useItem.minecraft.wooden_pickaxe":9,"stat.useItem.minecraft.carrot":2,"stat.pickup.minecraft.cobblestone":9,"stat.mobKills":11,"stat.mineBlock.minecraft.log":6,"stat.mineBlock.variedcommodities.wall_banner":1,"stat.flyOneCm":60697,"stat.pickup.minecraft.bed":2,"stat.deaths":3,"stat.drop":5,"stat.pickup.minecraft.egg":3,"stat.pickup.narutomod.kunai":1,"stat.playOneMinute":21651,"stat.pickup.narutomod.scroll_kirin":1,"stat.entityKilledBy.Zombie":1,"stat.useItem.minecraft.stone_pickaxe":3,"stat.sneakTime":787,"stat.damageDealt":1948,"stat.killEntity.Zombie":4,"stat.timeSinceDeath":4934,"stat.pickup.minecraft.yellow_flower":1,"stat.mineBlock.minecraft.dirt":2,"stat.craftItem.minecraft.wooden_pickaxe":1,"stat.mineBlock.minecraft.stone":11,"stat.killEntity.Pig":1,"stat.diveOneCm":8633}