{"stat.chestOpened":2,"stat.walkOneCm":50918,"stat.playerKills":1,"stat.leaveGame":1,"stat.pickup.minecraft.crafting_table":1,"stat.useItem.minecraft.chicken":2,"stat.craftItem.minecraft.crafting_table":1,"stat.drop.minecraft.dirt":3,"stat.mineBlock.minecraft.double_plant":1,"stat.useItem.minecraft.porkchop":3,"stat.useItem.minecraft.rotten_flesh":3,"stat.pickup.minecraft.string":1,"stat.pickup.minecraft.log":13,"stat.jump":574,"stat.swimOneCm":5397,"stat.pickup.variedcommodities.sign":1,"stat.fallOneCm":13963,"stat.climbOneCm":652,"stat.useItem.minecraft.stone_axe":13,"stat.pickup.minecraft.porkchop":6,"stat.crouchOneCm":594,"stat.pickup.minecraft.chicken":2,"stat.pickup.minecraft.sapling":1,"stat.pickup.minecraft.dirt":22,"stat.useItem.minecraft.dirt":13,"stat.sprintOneCm":83835,"stat.useItem.minecraft.stone_slab2":10,"stat.pickup.minecraft.bow":1,"stat.craftItem.minecraft.stick":8,"stat.craftingTableInteraction":2,"stat.pickup.minecraft.rotten_flesh":3,"stat.pickup.silentgear.sinew":1,"stat.entityKilledBy.Spider":2,"stat.craftItem.minecraft.planks":52,"stat.useItem.minecraft.egg":4,"stat.craftItem.minecraft.stone_axe":1,"stat.damageTaken":955,"stat.pickup.minecraft.feather":1,"stat.mineBlock.minecraft.crafting_table":1,"stat.waystones:waystonesActivated":1,"stat.craftItem.minecraft.stone_pickaxe":1,"stat.useItem.minecraft.wooden_pickaxe":12,"stat.mobKills":10,"stat.pickup.minecraft.cobblestone":12,"stat.mineBlock.minecraft.log":13,"stat.useItem.carryon.entity_item":1,"stat.flyOneCm":95528,"stat.pickup.minecraft.bed":2,"stat.deaths":3,"stat.drop":2,"stat.pickup.minecraft.egg":4,"stat.mineBlock.minecraft.leaves":1,"stat.playOneMinute":24870,"stat.useItem.minecraft.stone_pickaxe":1,"stat.killEntity.Sheep":7,"stat.sneakTime":178,"stat.pickup.minecraft.wool":8,"stat.damageDealt":1495,"stat.sleepInBed":4,"stat.timeSinceDeath":1363,"stat.mineBlock.minecraft.dirt":10,"stat.killEntity.Pig":2,"stat.craftItem.minecraft.wooden_pickaxe":1,"stat.mineBlock.minecraft.stone":12,"stat.mineBlock.minecraft.tallgrass":5,"stat.diveOneCm":908,"stat.pickup.minecraft.mutton":14}