{"stat.chestOpened":2,"stat.drop.narutomod.kunai":3,"stat.pickup.minecraft.bone":20,"stat.leaveGame":1,"stat.pickup.minecraft.gravel":1,"stat.pickup.minecraft.arrow":19,"stat.pickup.minecraft.iron_sword":3,"stat.mineBlock.minecraft.cobblestone":7,"stat.drop.minecraft.gunpowder":9,"stat.useItem.minecraft.chicken":5,"stat.useItem.narutomod.whitezetsuflesh":1,"stat.pickup.narutomod.zabuza_sword":1,"stat.useItem.minecraft.porkchop":8,"stat.pickup.gravestone.death_info":25,"stat.useItem.minecraft.rotten_flesh":15,"stat.drop.narutomod.shuriken":3,"stat.entityKilledBy.tenten":1,"stat.useItem.minecraft.mutton":8,"stat.drop.minecraft.trapdoor":1,"stat.craftItem.minecraft.iron_nugget":9,"stat.jump":1989,"stat.swimOneCm":21223,"stat.pickup.variedcommodities.sign":1,"stat.pickup.minecraft.coal":60,"stat.fallOneCm":65896,"stat.climbOneCm":652,"stat.craftItem.minecraft.shield":1,"stat.pickup.minecraft.iron_ingot":2,"stat.useItem.minecraft.planks":1,"stat.killEntity.whitezetsu":3,"stat.craftItem.narutomod.kunai":3,"stat.drop.minecraft.dye":5,"stat.drop.minecraft.feather":3,"stat.pickup.minecraft.carrot":1,"stat.useItem.minecraft.stone_axe":36,"stat.pickup.minecraft.porkchop":11,"stat.pickup.minecraft.gunpowder":9,"stat.crouchOneCm":24232,"stat.pickup.minecraft.spider_eye":1,"stat.pickup.lootbags.itemlootbag":1,"stat.craftItem.minecraft.iron_ingot":18,"stat.pickup.minecraft.dirt":35,"stat.useItem.minecraft.dirt":13,"stat.useItem.minecraft.stone_slab2":18,"stat.pickup.minecraft.bow":1,"stat.drop.minecraft.iron_sword":2,"stat.craftingTableInteraction":16,"stat.pickup.minecraft.iron_ore":18,"stat.pickup.minecraft.rotten_flesh":43,"stat.pickup.minecraft.sand":11,"stat.craftItem.minecraft.furnace":1,"stat.entityKilledBy.Spider":3,"stat.drop.silentgear.sinew":1,"stat.useItem.minecraft.egg":5,"stat.craftItem.minecraft.stone_axe":1,"stat.entityKilledBy.itachi":4,"stat.pickup.minecraft.feather":4,"stat.damageTaken":11199,"stat.drop.minecraft.bone":2,"stat.craftItem.minecraft.stone_pickaxe":1,"stat.mineBlock.minecraft.furnace":1,"stat.useItem.minecraft.wooden_pickaxe":12,"stat.pickup.minecraft.cobblestone":61,"stat.pickup.narutomod.anbu_sword":2,"stat.pickup.minecraft.dye":5,"stat.pickup.minecraft.planks":33,"stat.flyOneCm":583020,"stat.pickup.minecraft.bed":2,"stat.pickup.minecraft.wheat_seeds":1,"stat.mineBlock.minecraft.sand":6,"stat.pickup.narutomod.kunai":4,"stat.pickup.minecraft.potato":1,"stat.useItem.narutomod.cleaver":142,"stat.killEntity.Witch":1,"stat.drop.minecraft.wheat_seeds":1,"stat.entityKilledBy.Zombie":4,"stat.useItem.minecraft.stone_pickaxe":52,"stat.useItem.narutomod.zabuza_sword":69,"stat.damageDealt":17423,"stat.mineBlock.minecraft.iron_ore":19,"stat.useItem.minecraft.wool":4,"stat.sleepInBed":4,"stat.timeSinceDeath":1407,"stat.craftItem.narutomod.shuriken":3,"stat.mineBlock.minecraft.dirt":15,"stat.useItem.minecraft.iron_pickaxe":66,"stat.drop.minecraft.log":3,"stat.craftItem.minecraft.wooden_pickaxe":1,"stat.killEntity.Pig":4,"stat.drop.minecraft.spider_eye":1,"stat.pickup.minecraft.mutton":20,"stat.craftItem.minecraft.iron_block":1,"stat.walkOneCm":279924,"stat.playerKills":3,"stat.drop.gravestone.death_info":35,"stat.pickup.minecraft.stick":1,"stat.pickup.minecraft.crafting_table":3,"stat.useItem.minecraft.cobblestone":15,"stat.craftItem.minecraft.crafting_table":2,"stat.furnaceInteraction":11,"stat.drop.minecraft.dirt":8,"stat.mineBlock.minecraft.double_plant":1,"stat.pickup.minecraft.trapdoor":2,"stat.killEntity.ZombieVillager":1,"stat.mineBlock.rerollthingy.mysteriousplantbottom":2,"stat.drop.minecraft.wool":15,"stat.mineBlock.minecraft.coal_ore":61,"stat.killEntity.Creeper":12,"stat.mineBlock.minecraft.emerald_ore":2,"stat.pickup.narutomod.whitezetsuflesh":1,"stat.pickup.minecraft.string":8,"stat.pickup.minecraft.log":16,"stat.craftItem.silentgear.sinew_fiber":3,"stat.drop.minecraft.chicken":1,"stat.pickup.narutomod.shuriken":3,"stat.useItem.minecraft.cooked_mutton":10,"stat.pickup.minecraft.furnace":1,"stat.craftItem.narutomod.cleaver":1,"stat.drop.minecraft.carrot":1,"stat.entityKilledBy.Skeleton":2,"stat.craftItem.minecraft.stone_slab2":0,"stat.craftItem.silentgear.dried_sinew":1,"stat.pickup.minecraft.chicken":6,"stat.mineBlock.minecraft.wool":2,"stat.pickup.minecraft.sapling":3,"stat.drop.minecraft.egg":1,"stat.sprintOneCm":238483,"stat.craftItem.minecraft.stick":12,"stat.killEntity.Skeleton":17,"stat.pickup.silentgear.sinew":2,"stat.entityKilledBy.whitezetsu":5,"stat.entityKilledBy.kisame_hoshigaki":1,"stat.craftItem.minecraft.planks":52,"stat.killEntity.Chicken":3,"stat.mineBlock.minecraft.diamond_ore":2,"stat.mineBlock.minecraft.crafting_table":2,"stat.killEntity.Spider":9,"stat.waystones:waystonesActivated":2,"stat.mobKills":95,"stat.pickup.minecraft.emerald":2,"stat.pickup.minecraft.book":21,"stat.mineBlock.minecraft.log":13,"stat.mineBlock.minecraft.bookshelf":7,"stat.entityKilledBy.Creeper":2,"stat.useItem.carryon.entity_item":1,"stat.deaths":32,"stat.mineBlock.minecraft.planks":2,"stat.drop":73,"stat.pickup.minecraft.diamond":2,"stat.pickup.minecraft.egg":6,"stat.mineBlock.minecraft.leaves":24,"stat.playOneMinute":111270,"stat.pickup.minecraft.torch":2,"stat.drop.minecraft.string":2,"stat.killEntity.Sheep":11,"stat.sneakTime":5019,"stat.craftItem.minecraft.iron_pickaxe":1,"stat.pickup.minecraft.wool":20,"stat.killEntity.Zombie":30,"stat.drop.minecraft.arrow":4,"stat.useItem.rerollthingy.mysteriousfruit":1,"stat.mineBlock.minecraft.stone":37,"stat.pickup.rerollthingy.mysteriousfruit":2,"stat.mineBlock.minecraft.tallgrass":6,"stat.craftItem.minecraft.cooked_mutton":12,"stat.diveOneCm":14970}