{"stat.chestOpened":2,"stat.drop.narutomod.kunai":3,"stat.pickup.minecraft.bone":10,"stat.leaveGame":1,"stat.pickup.minecraft.arrow":10,"stat.pickup.minecraft.iron_sword":2,"stat.mineBlock.minecraft.cobblestone":7,"stat.drop.minecraft.gunpowder":2,"stat.useItem.minecraft.chicken":5,"stat.useItem.narutomod.whitezetsuflesh":1,"stat.useItem.minecraft.porkchop":6,"stat.pickup.gravestone.death_info":22,"stat.useItem.minecraft.rotten_flesh":3,"stat.drop.narutomod.shuriken":3,"stat.entityKilledBy.tenten":1,"stat.useItem.minecraft.mutton":8,"stat.craftItem.minecraft.iron_nugget":9,"stat.jump":1287,"stat.swimOneCm":10716,"stat.pickup.variedcommodities.sign":1,"stat.pickup.minecraft.coal":59,"stat.fallOneCm":45055,"stat.climbOneCm":652,"stat.craftItem.minecraft.shield":1,"stat.pickup.minecraft.iron_ingot":2,"stat.killEntity.whitezetsu":1,"stat.craftItem.narutomod.kunai":3,"stat.drop.minecraft.dye":5,"stat.drop.minecraft.feather":3,"stat.useItem.minecraft.stone_axe":32,"stat.pickup.minecraft.porkchop":6,"stat.pickup.minecraft.gunpowder":2,"stat.crouchOneCm":12825,"stat.craftItem.minecraft.iron_ingot":18,"stat.pickup.minecraft.dirt":26,"stat.useItem.minecraft.dirt":13,"stat.useItem.minecraft.stone_slab2":15,"stat.pickup.minecraft.bow":1,"stat.drop.minecraft.iron_sword":2,"stat.craftingTableInteraction":16,"stat.pickup.minecraft.iron_ore":18,"stat.pickup.minecraft.rotten_flesh":7,"stat.pickup.minecraft.sand":7,"stat.craftItem.minecraft.furnace":1,"stat.entityKilledBy.Spider":2,"stat.drop.silentgear.sinew":1,"stat.useItem.minecraft.egg":5,"stat.craftItem.minecraft.stone_axe":1,"stat.entityKilledBy.itachi":4,"stat.pickup.minecraft.feather":4,"stat.damageTaken":6270,"stat.craftItem.minecraft.stone_pickaxe":1,"stat.mineBlock.minecraft.furnace":1,"stat.useItem.minecraft.wooden_pickaxe":12,"stat.pickup.minecraft.cobblestone":36,"stat.pickup.minecraft.dye":5,"stat.pickup.minecraft.planks":33,"stat.flyOneCm":314416,"stat.pickup.minecraft.bed":2,"stat.pickup.minecraft.wheat_seeds":1,"stat.pickup.narutomod.kunai":3,"stat.useItem.narutomod.cleaver":48,"stat.killEntity.Witch":1,"stat.drop.minecraft.wheat_seeds":1,"stat.useItem.minecraft.stone_pickaxe":52,"stat.damageDealt":4887,"stat.mineBlock.minecraft.iron_ore":19,"stat.sleepInBed":4,"stat.timeSinceDeath":1937,"stat.craftItem.narutomod.shuriken":3,"stat.mineBlock.minecraft.dirt":10,"stat.useItem.minecraft.iron_pickaxe":50,"stat.craftItem.minecraft.wooden_pickaxe":1,"stat.killEntity.Pig":2,"stat.pickup.minecraft.mutton":20,"stat.craftItem.minecraft.iron_block":1,"stat.walkOneCm":144897,"stat.playerKills":2,"stat.drop.gravestone.death_info":18,"stat.pickup.minecraft.stick":1,"stat.pickup.minecraft.crafting_table":3,"stat.useItem.minecraft.cobblestone":15,"stat.craftItem.minecraft.crafting_table":2,"stat.furnaceInteraction":11,"stat.drop.minecraft.dirt":3,"stat.mineBlock.minecraft.double_plant":1,"stat.mineBlock.rerollthingy.mysteriousplantbottom":1,"stat.drop.minecraft.wool":8,"stat.mineBlock.minecraft.coal_ore":60,"stat.killEntity.Creeper":2,"stat.mineBlock.minecraft.emerald_ore":2,"stat.pickup.narutomod.whitezetsuflesh":1,"stat.pickup.minecraft.string":2,"stat.pickup.minecraft.log":13,"stat.craftItem.silentgear.sinew_fiber":3,"stat.drop.minecraft.chicken":1,"stat.pickup.narutomod.shuriken":3,"stat.useItem.minecraft.cooked_mutton":6,"stat.pickup.minecraft.furnace":1,"stat.craftItem.narutomod.cleaver":1,"stat.entityKilledBy.Skeleton":1,"stat.craftItem.minecraft.stone_slab2":0,"stat.craftItem.silentgear.dried_sinew":1,"stat.pickup.minecraft.chicken":6,"stat.pickup.minecraft.sapling":1,"stat.drop.minecraft.egg":1,"stat.sprintOneCm":160407,"stat.craftItem.minecraft.stick":12,"stat.killEntity.Skeleton":5,"stat.pickup.silentgear.sinew":2,"stat.entityKilledBy.whitezetsu":3,"stat.craftItem.minecraft.planks":52,"stat.killEntity.Chicken":3,"stat.mineBlock.minecraft.diamond_ore":2,"stat.mineBlock.minecraft.crafting_table":2,"stat.killEntity.Spider":1,"stat.waystones:waystonesActivated":1,"stat.mobKills":32,"stat.pickup.minecraft.emerald":2,"stat.mineBlock.minecraft.log":13,"stat.entityKilledBy.Creeper":1,"stat.useItem.carryon.entity_item":1,"stat.deaths":18,"stat.drop":40,"stat.pickup.minecraft.diamond":2,"stat.pickup.minecraft.egg":6,"stat.mineBlock.minecraft.leaves":12,"stat.playOneMinute":73470,"stat.pickup.minecraft.torch":2,"stat.killEntity.Sheep":11,"stat.sneakTime":3288,"stat.craftItem.minecraft.iron_pickaxe":1,"stat.pickup.minecraft.wool":17,"stat.killEntity.Zombie":4,"stat.drop.minecraft.arrow":4,"stat.useItem.rerollthingy.mysteriousfruit":1,"stat.mineBlock.minecraft.stone":22,"stat.pickup.rerollthingy.mysteriousfruit":1,"stat.mineBlock.minecraft.tallgrass":6,"stat.craftItem.minecraft.cooked_mutton":12,"stat.diveOneCm":11315}