{"stats":{"minecraft:used":{"minecraft:stone_sword":38,"minecraft:stone_pickaxe":78,"minecraft:wooden_pickaxe":6,"minecraft:shield":3,"minecraft:rotten_flesh":1,"minecraft:salmon":7,"minecraft:torch":2,"minecraft:dirt":1,"minecraft:mutton":5,"minecraft:crafting_table":3,"minecraft:red_bed":2,"minecraft:cod":3,"minecraft:iron_pickaxe":6,"minecraft:spruce_sapling":3,"minecraft:stone_axe":35,"minecraft:cobblestone":32,"minecraft:goat_horn":6,"minecraft:furnace":2,"minecraft:porkchop":5},"minecraft:custom":{"minecraft:interact_with_furnace":9,"minecraft:mob_kills":18,"minecraft:interact_with_crafting_table":9,"minecraft:leave_game":5,"minecraft:time_since_death":36457,"minecraft:sleep_in_bed":2,"minecraft:climb_one_cm":56,"minecraft:time_since_rest":11656,"minecraft:sprint_one_cm":83370,"minecraft:damage_taken":190,"minecraft:walk_one_cm":81564,"minecraft:damage_blocked_by_shield":85,"minecraft:drop":15,"minecraft:damage_dealt":1683,"minecraft:swim_one_cm":23358,"minecraft:player_kills":1,"minecraft:fly_one_cm":97059,"minecraft:open_chest":1,"minecraft:crouch_one_cm":5155,"minecraft:play_time":36457,"minecraft:sneak_time":1635,"minecraft:walk_under_water_one_cm":12665,"minecraft:jump":590,"minecraft:walk_on_water_one_cm":3047,"minecraft:total_world_time":36457,"minecraft:fall_one_cm":11355},"minecraft:crafted":{"minecraft:crafting_table":2,"minecraft:spruce_planks":76,"minecraft:wooden_pickaxe":1,"minecraft:furnace":1,"minecraft:stone_axe":1,"minecraft:air":0,"minecraft:shield":2,"minecraft:stick":12,"minecraft:iron_ingot":5,"minecraft:iron_pickaxe":1,"minecraft:stone_pickaxe":1,"minecraft:stone_sword":1,"minecraft:torch":4,"minecraft:wheat":18},"minecraft:killed":{"minecraft:pig":2,"minecraft:salmon":7,"minecraft:cod":3,"minecraft:sheep":3,"minecraft:pillager":2,"minecraft:zombie":1},"minecraft:mined":{"minecraft:red_bed":2,"minecraft:dark_oak_log":3,"minecraft:crafting_table":2,"minecraft:dark_oak_fence":6,"minecraft:grass_block":4,"minecraft:cobblestone":2,"minecraft:spruce_leaves":12,"minecraft:sugar_cane":1,"minecraft:hay_block":2,"minecraft:furnace":2,"minecraft:sweet_berry_bush":18,"minecraft:iron_ore":7,"minecraft:ice":20,"minecraft:spruce_log":24,"minecraft:white_wall_banner":4,"minecraft:bee_nest":1,"minecraft:grass":9,"minecraft:coal_ore":24,"minecraft:dirt":12,"minecraft:stone":54},"minecraft:picked_up":{"minecraft:crafting_table":2,"minecraft:salmon":7,"minecraft:wooden_pickaxe":1,"minecraft:dirt":31,"minecraft:red_bed":2,"minecraft:white_banner":3,"minecraft:bone":1,"minecraft:sugar_cane":7,"minecraft:furnace":2,"minecraft:stick":2,"minecraft:raw_iron":7,"minecraft:sweet_berries":35,"minecraft:porkchop":5,"minecraft:spruce_sapling":4,"minecraft:spruce_log":19,"minecraft:dark_oak_log":3,"minecraft:rotten_flesh":1,"minecraft:hay_block":2,"minecraft:crossbow":1,"minecraft:bone_meal":1,"minecraft:mutton":5,"minecraft:white_wool":3,"minecraft:dark_oak_fence":6,"minecraft:coal":24,"minecraft:cod":3,"minecraft:cobblestone":57},"minecraft:dropped":{"minecraft:sugar_cane":7,"minecraft:stick":2,"minecraft:dirt":30,"minecraft:dark_oak_log":3,"minecraft:dark_oak_fence":6,"minecraft:bone_meal":1,"minecraft:bone":1}},"DataVersion":3465}