{"stat.walkOneCm":19941,"stat.craftItem.minecraft.planks":24,"stat.craftItem.minecraft.stone_axe":1,"stat.damageTaken":120,"stat.useItem.minecraft.cobblestone":2,"stat.craftItem.minecraft.stone_pickaxe":1,"stat.useItem.minecraft.wooden_pickaxe":9,"stat.pickup.minecraft.cobblestone":9,"stat.mobKills":1,"stat.mineBlock.minecraft.log":6,"stat.useItem.minecraft.porkchop":2,"stat.pickup.minecraft.log":6,"stat.flyOneCm":29451,"stat.jump":117,"stat.swimOneCm":613,"stat.playOneMinute":10139,"stat.fallOneCm":3445,"stat.useItem.minecraft.stone_pickaxe":2,"stat.sneakTime":746,"stat.useItem.minecraft.stone_axe":1,"stat.damageDealt":100,"stat.pickup.minecraft.porkchop":2,"stat.crouchOneCm":1934,"stat.timeSinceDeath":10139,"stat.pickup.lootbags.itemlootbag":1,"stat.pickup.minecraft.dirt":1,"stat.sprintOneCm":19163,"stat.mineBlock.minecraft.dirt":2,"stat.useItem.minecraft.stone_slab2":2,"stat.craftItem.minecraft.wooden_pickaxe":1,"stat.mineBlock.minecraft.stone":11,"stat.killEntity.Pig":1,"stat.craftItem.minecraft.stick":8,"stat.craftingTableInteraction":4}