{"stat.pickup.minecraft.rotten_flesh":1,"stat.chestOpened":1,"stat.walkOneCm":21458,"stat.entityKilledBy.Spider":1,"stat.leaveGame":1,"stat.damageTaken":334,"stat.waystones:waystonesActivated":1,"stat.drop.minecraft.dirt":2,"stat.mobKills":1,"stat.useItem.carryon.entity_item":1,"stat.flyOneCm":40299,"stat.pickup.minecraft.bed":1,"stat.deaths":1,"stat.drop":1,"stat.swimOneCm":2094,"stat.jump":276,"stat.pickup.minecraft.egg":2,"stat.playOneMinute":12270,"stat.fallOneCm":5378,"stat.climbOneCm":652,"stat.sneakTime":54,"stat.damageDealt":294,"stat.crouchOneCm":74,"stat.sleepInBed":4,"stat.timeSinceDeath":3289,"stat.pickup.minecraft.dirt":13,"stat.useItem.minecraft.dirt":8,"stat.mineBlock.minecraft.dirt":2,"stat.sprintOneCm":36614,"stat.useItem.minecraft.stone_slab2":4,"stat.mineBlock.minecraft.tallgrass":1,"stat.diveOneCm":571}