{"stat.chestOpened":2,"stat.walkOneCm":68860,"stat.pickup.minecraft.bone":2,"stat.playerKills":1,"stat.drop.gravestone.death_info":3,"stat.leaveGame":1,"stat.pickup.minecraft.arrow":2,"stat.pickup.minecraft.crafting_table":1,"stat.mineBlock.minecraft.cobblestone":7,"stat.useItem.minecraft.chicken":2,"stat.useItem.minecraft.cobblestone":15,"stat.craftItem.minecraft.crafting_table":2,"stat.furnaceInteraction":3,"stat.drop.minecraft.dirt":3,"stat.mineBlock.minecraft.double_plant":1,"stat.drop.minecraft.wool":8,"stat.mineBlock.minecraft.coal_ore":14,"stat.useItem.minecraft.porkchop":6,"stat.killEntity.Creeper":1,"stat.useItem.minecraft.rotten_flesh":3,"stat.pickup.minecraft.string":1,"stat.pickup.minecraft.log":13,"stat.useItem.minecraft.mutton":2,"stat.jump":724,"stat.swimOneCm":6457,"stat.pickup.variedcommodities.sign":1,"stat.pickup.minecraft.coal":14,"stat.fallOneCm":16326,"stat.climbOneCm":652,"stat.entityKilledBy.Skeleton":1,"stat.useItem.minecraft.stone_axe":28,"stat.craftItem.minecraft.stone_slab2":0,"stat.pickup.minecraft.porkchop":6,"stat.crouchOneCm":1787,"stat.pickup.minecraft.chicken":2,"stat.pickup.minecraft.sapling":1,"stat.pickup.minecraft.dirt":26,"stat.useItem.minecraft.dirt":13,"stat.sprintOneCm":106647,"stat.useItem.minecraft.stone_slab2":13,"stat.pickup.minecraft.bow":1,"stat.craftItem.minecraft.stick":8,"stat.craftingTableInteraction":5,"stat.pickup.minecraft.iron_ore":18,"stat.pickup.minecraft.rotten_flesh":3,"stat.pickup.minecraft.sand":7,"stat.killEntity.Skeleton":1,"stat.craftItem.minecraft.furnace":1,"stat.pickup.silentgear.sinew":1,"stat.entityKilledBy.Spider":2,"stat.craftItem.minecraft.planks":52,"stat.useItem.minecraft.egg":4,"stat.craftItem.minecraft.stone_axe":1,"stat.damageTaken":2090,"stat.pickup.minecraft.feather":1,"stat.mineBlock.minecraft.crafting_table":1,"stat.waystones:waystonesActivated":1,"stat.craftItem.minecraft.stone_pickaxe":1,"stat.useItem.minecraft.wooden_pickaxe":12,"stat.mobKills":13,"stat.pickup.minecraft.cobblestone":32,"stat.mineBlock.minecraft.log":13,"stat.pickup.minecraft.planks":2,"stat.useItem.carryon.entity_item":1,"stat.flyOneCm":123892,"stat.pickup.minecraft.bed":2,"stat.deaths":6,"stat.drop":6,"stat.pickup.minecraft.egg":4,"stat.mineBlock.minecraft.leaves":1,"stat.playOneMinute":36570,"stat.useItem.minecraft.stone_pickaxe":48,"stat.killEntity.Sheep":7,"stat.sneakTime":784,"stat.pickup.minecraft.wool":13,"stat.damageDealt":2142,"stat.mineBlock.minecraft.iron_ore":19,"stat.sleepInBed":4,"stat.killEntity.Zombie":1,"stat.timeSinceDeath":3233,"stat.mineBlock.minecraft.dirt":10,"stat.killEntity.Pig":2,"stat.craftItem.minecraft.wooden_pickaxe":1,"stat.mineBlock.minecraft.stone":19,"stat.mineBlock.minecraft.tallgrass":5,"stat.craftItem.minecraft.cooked_mutton":5,"stat.diveOneCm":5945,"stat.pickup.minecraft.mutton":14}