{"stats":{"minecraft:used":{"minecraft:stone_sword":80,"minecraft:stone_pickaxe":78,"minecraft:wooden_pickaxe":6,"minecraft:shield":9,"minecraft:rotten_flesh":1,"minecraft:salmon":7,"minecraft:torch":2,"minecraft:dirt":1,"minecraft:mutton":5,"minecraft:crafting_table":4,"minecraft:red_bed":3,"minecraft:cod":3,"minecraft:iron_pickaxe":6,"minecraft:spruce_sapling":3,"minecraft:stone_axe":42,"minecraft:cobblestone":35,"minecraft:sweet_berries":27,"minecraft:goat_horn":9,"minecraft:furnace":2,"minecraft:porkchop":5},"minecraft:custom":{"minecraft:interact_with_furnace":9,"minecraft:mob_kills":33,"minecraft:interact_with_crafting_table":10,"minecraft:leave_game":8,"minecraft:time_since_death":47149,"minecraft:sleep_in_bed":3,"minecraft:climb_one_cm":56,"minecraft:time_since_rest":6907,"minecraft:sprint_one_cm":138736,"minecraft:damage_taken":585,"minecraft:walk_one_cm":111862,"minecraft:damage_blocked_by_shield":255,"minecraft:drop":15,"minecraft:damage_dealt":3843,"minecraft:swim_one_cm":29756,"minecraft:fly_one_cm":144285,"minecraft:player_kills":1,"minecraft:open_chest":1,"minecraft:crouch_one_cm":5745,"minecraft:play_time":47149,"minecraft:sneak_time":1883,"minecraft:walk_under_water_one_cm":13243,"minecraft:jump":874,"minecraft:walk_on_water_one_cm":4252,"minecraft:total_world_time":47149,"minecraft:fall_one_cm":19664},"minecraft:crafted":{"minecraft:crafting_table":2,"minecraft:spruce_planks":76,"minecraft:wooden_pickaxe":1,"minecraft:furnace":1,"minecraft:stone_axe":1,"minecraft:air":0,"minecraft:shield":2,"minecraft:stick":12,"minecraft:leather_chestplate":1,"minecraft:iron_ingot":5,"minecraft:iron_pickaxe":1,"minecraft:stone_pickaxe":1,"minecraft:stone_sword":1,"minecraft:torch":4,"minecraft:wheat":18},"minecraft:killed":{"minecraft:pig":2,"minecraft:salmon":7,"minecraft:cod":3,"minecraft:sheep":3,"minecraft:pillager":6,"minecraft:zombie":1,"minecraft:cow":11},"minecraft:mined":{"minecraft:red_bed":3,"minecraft:dark_oak_log":3,"minecraft:crafting_table":3,"minecraft:dark_oak_fence":6,"minecraft:grass_block":4,"minecraft:cobblestone":2,"minecraft:spruce_leaves":22,"minecraft:sugar_cane":1,"minecraft:hay_block":2,"minecraft:furnace":2,"minecraft:iron_ore":7,"minecraft:sweet_berry_bush":57,"minecraft:ice":20,"minecraft:spruce_log":24,"minecraft:bee_nest":1,"minecraft:white_wall_banner":4,"minecraft:grass":9,"minecraft:coal_ore":24,"minecraft:dirt":12,"minecraft:stone":54,"minecraft:oak_leaves":3,"minecraft:fern":1},"minecraft:picked_up":{"minecraft:crafting_table":3,"minecraft:salmon":7,"minecraft:leather":11,"minecraft:wooden_pickaxe":1,"minecraft:dirt":31,"minecraft:red_bed":3,"minecraft:white_banner":3,"minecraft:bone":1,"minecraft:beef":23,"minecraft:sugar_cane":7,"minecraft:furnace":2,"minecraft:stick":2,"minecraft:raw_iron":7,"minecraft:sweet_berries":124,"minecraft:porkchop":5,"minecraft:spruce_sapling":4,"minecraft:spruce_log":19,"minecraft:dark_oak_log":3,"minecraft:rotten_flesh":1,"minecraft:hay_block":2,"minecraft:crossbow":1,"minecraft:bone_meal":1,"minecraft:cobblestone":57,"minecraft:mutton":5,"minecraft:dark_oak_fence":6,"minecraft:coal":24,"minecraft:cod":3,"minecraft:white_wool":3},"minecraft:dropped":{"minecraft:sugar_cane":7,"minecraft:stick":2,"minecraft:dirt":30,"minecraft:dark_oak_log":3,"minecraft:dark_oak_fence":6,"minecraft:bone_meal":1,"minecraft:bone":1}},"DataVersion":3465}