{"stats":{"minecraft:used":{"minecraft:stone_sword":1,"minecraft:stone_pickaxe":45,"minecraft:wooden_pickaxe":6,"minecraft:spruce_sapling":3,"minecraft:stone_axe":20,"minecraft:cobblestone":32,"minecraft:crafting_table":2,"minecraft:red_bed":1,"minecraft:furnace":1},"minecraft:custom":{"minecraft:time_since_rest":7348,"minecraft:sprint_one_cm":24002,"minecraft:interact_with_furnace":5,"minecraft:damage_taken":70,"minecraft:walk_one_cm":30345,"minecraft:drop":11,"minecraft:damage_dealt":263,"minecraft:swim_one_cm":410,"minecraft:player_kills":1,"minecraft:interact_with_crafting_table":6,"minecraft:fly_one_cm":60376,"minecraft:crouch_one_cm":3460,"minecraft:play_time":19955,"minecraft:sneak_time":1092,"minecraft:walk_under_water_one_cm":52,"minecraft:jump":270,"minecraft:time_since_death":19955,"minecraft:leave_game":3,"minecraft:walk_on_water_one_cm":292,"minecraft:sleep_in_bed":1,"minecraft:total_world_time":19955,"minecraft:fall_one_cm":4297},"minecraft:crafted":{"minecraft:crafting_table":1,"minecraft:spruce_planks":76,"minecraft:stick":8,"minecraft:wooden_pickaxe":1,"minecraft:stone_pickaxe":1,"minecraft:stone_sword":1,"minecraft:furnace":1,"minecraft:stone_axe":1},"minecraft:mined":{"minecraft:furnace":1,"minecraft:red_bed":1,"minecraft:ice":20,"minecraft:spruce_log":24,"minecraft:crafting_table":1,"minecraft:grass":9,"minecraft:grass_block":3,"minecraft:dirt":12,"minecraft:spruce_leaves":7,"minecraft:stone":50,"minecraft:sugar_cane":1},"minecraft:picked_up":{"minecraft:stick":2,"minecraft:crafting_table":1,"minecraft:wooden_pickaxe":1,"minecraft:spruce_sapling":3,"minecraft:spruce_log":19,"minecraft:red_bed":1,"minecraft:dirt":30,"minecraft:bone":1,"minecraft:sugar_cane":7,"minecraft:cobblestone":50,"minecraft:furnace":1},"minecraft:dropped":{"minecraft:dirt":30,"minecraft:sugar_cane":7,"minecraft:bone":1,"minecraft:stick":2}},"DataVersion":3465}