{"stat.walkOneCm":31577,"stat.craftItem.minecraft.planks":20,"stat.useItem.minecraft.iron_sword":1,"stat.mineBlock.variedcommodities.sign":1,"stat.craftItem.minecraft.stone_axe":1,"stat.pickup.minecraft.gravel":1,"stat.pickup.minecraft.iron_sword":1,"stat.pickup.minecraft.crafting_table":2,"stat.damageTaken":55,"stat.mineBlock.minecraft.crafting_table":2,"stat.craftItem.minecraft.crafting_table":1,"stat.craftItem.minecraft.stone_pickaxe":1,"stat.useItem.minecraft.wooden_pickaxe":5,"stat.pickup.minecraft.cobblestone":16,"stat.mineBlock.minecraft.log":5,"stat.pickup.minecraft.log":5,"stat.flyOneCm":6608,"stat.jump":137,"stat.swimOneCm":653,"stat.pickup.minecraft.egg":1,"stat.mineBlock.minecraft.leaves":2,"stat.pickup.variedcommodities.sign":1,"stat.playOneMinute":11369,"stat.fallOneCm":2257,"stat.mineBlock.minecraft.gravel":1,"stat.useItem.minecraft.stone_pickaxe":29,"stat.sneakTime":16,"stat.useItem.minecraft.stone_axe":1,"stat.damageDealt":80,"stat.pickup.minecraft.stone":15,"stat.crouchOneCm":116,"stat.timeSinceDeath":11369,"stat.pickup.minecraft.sapling":1,"stat.useItem.minecraft.wooden_axe":1,"stat.pickup.minecraft.dirt":7,"stat.useItem.minecraft.dirt":4,"stat.sprintOneCm":16819,"stat.mineBlock.minecraft.dirt":6,"stat.useItem.minecraft.stone_slab2":5,"stat.craftItem.minecraft.wooden_pickaxe":2,"stat.mineBlock.minecraft.stone":30,"stat.diveOneCm":265,"stat.craftItem.minecraft.stick":12,"stat.craftItem.minecraft.wooden_axe":1,"stat.craftingTableInteraction":5}