{"stat.walkOneCm":83786,"stat.pickup.minecraft.armor_stand":2,"stat.pickup.minecraft.gravel":1,"stat.pickup.minecraft.iron_sword":1,"stat.pickup.minecraft.crafting_table":3,"stat.useItem.minecraft.cobblestone":6,"stat.craftItem.minecraft.crafting_table":1,"stat.furnaceInteraction":7,"stat.mineBlock.minecraft.yellow_flower":1,"stat.mineBlock.minecraft.double_plant":1,"stat.pickup.minecraft.leather_chestplate":1,"stat.killEntity.Creeper":1,"stat.talkedToVillager":7,"stat.useItem.minecraft.diamond_sword":28,"stat.pickup.gravestone.death_info":1,"stat.pickup.minecraft.log":9,"stat.pickup.minecraft.stone_brick_stairs":1,"stat.drop.narutomod.scroll_kirin":1,"stat.swimOneCm":5424,"stat.jump":403,"stat.pickup.variedcommodities.sign":1,"stat.fallOneCm":3615,"stat.climbOneCm":732,"stat.pickup.minecraft.furnace":1,"stat.entityKilledBy.Skeleton":1,"stat.pickup.minecraft.carrot":32,"stat.useItem.minecraft.stone_axe":8,"stat.craftItem.minecraft.stone_slab2":0,"stat.pickup.minecraft.stone":23,"stat.pickup.silentgear.blueprint_sword":1,"stat.crouchOneCm":129,"stat.pickup.minecraft.chicken":6,"stat.pickup.lootbags.itemlootbag":4,"stat.pickup.minecraft.leather_helmet":1,"stat.pickup.minecraft.sapling":3,"stat.pickup.minecraft.ender_pearl":1,"stat.pickup.minecraft.dirt":60,"stat.useItem.minecraft.dirt":4,"stat.sprintOneCm":36734,"stat.useItem.minecraft.stone_slab2":8,"stat.craftItem.minecraft.stick":12,"stat.craftItem.minecraft.wooden_axe":1,"stat.useItem.minecraft.cooked_chicken":2,"stat.craftingTableInteraction":6,"stat.mineBlock.minecraft.stone_brick_stairs":1,"stat.pickup.minecraft.rotten_flesh":2,"stat.pickup.minecraft.sand":1,"stat.pickup.variedcommodities.wall_banner":1,"stat.craftItem.minecraft.furnace":1,"stat.pickup.minecraft.beetroot":13,"stat.craftItem.minecraft.planks":36,"stat.useItem.minecraft.iron_sword":42,"stat.mineBlock.variedcommodities.sign":1,"stat.killEntity.Chicken":6,"stat.useItem.minecraft.egg":2,"stat.craftItem.minecraft.stone_axe":1,"stat.pickup.minecraft.grass":1,"stat.pickup.minecraft.wooden_pickaxe":1,"stat.damageTaken":559,"stat.mineBlock.minecraft.crafting_table":3,"stat.pickup.minecraft.feather":7,"stat.craftItem.minecraft.stone_pickaxe":1,"stat.mineBlock.minecraft.furnace":1,"stat.useItem.minecraft.wooden_pickaxe":5,"stat.killEntity.Enderman":1,"stat.pickup.minecraft.cobblestone":32,"stat.mobKills":8,"stat.pickup.minecraft.leather_leggings":1,"stat.mineBlock.minecraft.log":9,"stat.pickup.minecraft.leather_boots":1,"stat.craftItem.minecraft.cooked_chicken":2,"stat.pickup.minecraft.planks":15,"stat.flyOneCm":15853,"stat.deaths":1,"stat.drop":1,"stat.pickup.minecraft.egg":3,"stat.mineBlock.minecraft.leaves":10,"stat.mineBlock.minecraft.sand":1,"stat.pickup.minecraft.potato":1,"stat.playOneMinute":23969,"stat.pickup.narutomod.scroll_kirin":1,"stat.mineBlock.minecraft.gravel":1,"stat.useItem.minecraft.stone_pickaxe":56,"stat.sneakTime":39,"stat.damageDealt":1091,"stat.killEntity.Zombie":1,"stat.timeSinceDeath":5674,"stat.useItem.minecraft.wooden_axe":1,"stat.mineBlock.minecraft.dirt":14,"stat.craftItem.minecraft.wooden_pickaxe":2,"stat.mineBlock.minecraft.stone":46,"stat.diveOneCm":3781,"stat.pickup.minecraft.wheat":25}