{"stats":{"minecraft:used":{"minecraft:torch":15,"minecraft:stone_pickaxe":20,"minecraft:wooden_pickaxe":4},"minecraft:custom":{"minecraft:time_since_rest":7541,"minecraft:crouch_one_cm":244,"minecraft:play_time":8444,"minecraft:sprint_one_cm":18420,"minecraft:walk_one_cm":26754,"minecraft:damage_taken":290,"minecraft:deaths":1,"minecraft:sneak_time":29,"minecraft:walk_under_water_one_cm":115,"minecraft:drop":1,"minecraft:jump":144,"minecraft:leave_game":1,"minecraft:damage_dealt":10,"minecraft:walk_on_water_one_cm":311,"minecraft:time_since_death":7508,"minecraft:total_world_time":8444,"minecraft:interact_with_crafting_table":3,"minecraft:fall_one_cm":1924,"minecraft:fly_one_cm":17093},"minecraft:crafted":{"minecraft:torch":20,"minecraft:stone_axe":1,"minecraft:crafting_table":1,"minecraft:spruce_planks":28,"minecraft:stick":24,"minecraft:wooden_pickaxe":1,"minecraft:stone_pickaxe":1,"minecraft:wooden_axe":1},"minecraft:killed_by":{"minecraft:player":1},"minecraft:mined":{"minecraft:coal_ore":6,"minecraft:spruce_log":2,"minecraft:stone":18},"minecraft:picked_up":{"minecraft:stick":4,"minecraft:stone_pickaxe":1,"minecraft:spruce_log":7,"minecraft:coal":6,"minecraft:cobblestone":14},"minecraft:dropped":{"minecraft:stone_pickaxe":1}},"DataVersion":3465}