{
  "additionallanterns:recipes/obsidian_lantern_cyan": {
    "criteria": {
      "recipe_condition": "2024-10-27 22:26:33 +0000"
    },
    "done": true
  },
  "minecraft:recipes/tools/fishing_rod": {
    "criteria": {
      "has_string": "2024-10-27 22:33:30 +0000"
    },
    "done": true
  },
  "narutomod:learned_1st_jutsu": {
    "criteria": {
      "learned_1st_jutsu": "2024-10-27 23:15:59 +0000"
    },
    "done": true
  },
  "additionallanterns:recipes/stone_lantern_green": {
    "criteria": {
      "recipe_condition": "2024-10-27 22:26:33 +0000"
    },
    "done": true
  },
  "additionallanterns:recipes/cobblestone_lantern_red": {
    "criteria": {
      "recipe_condition": "2024-10-27 22:26:33 +0000"
    },
    "done": true
  },
  "additionallanterns:recipes/purpur_lantern_black": {
    "criteria": {
      "recipe_condition": "2024-10-27 22:26:33 +0000"
    },
    "done": true
  },
  "additionallanterns:recipes/mossy_cobblestone_lantern_lime": {
    "criteria": {
      "recipe_condition": "2024-10-27 22:26:33 +0000"
    },
    "done": true
  },
  "additionallanterns:recipes/iron_lantern_gray": {
    "criteria": {
      "recipe_condition": "2024-10-27 22:26:33 +0000"
    },
    "done": true
  },
  "minecraft:recipes/redstone/lever": {
    "criteria": {
      "has_cobblestone": "2024-10-27 22:43:42 +0000"
    },
    "done": true
  },
  "additionallanterns:recipes/diamond_lantern_purple": {
    "criteria": {
      "recipe_condition": "2024-10-27 22:26:33 +0000"
    },
    "done": true
  },
  "additionallanterns:recipes/stone_lantern_cyan": {
    "criteria": {
      "recipe_condition": "2024-10-27 22:26:33 +0000"
    },
    "done": true
  },
  "minecraft:recipes/combat/iron_sword": {
    "criteria": {
      "has_iron_ingot": "2024-10-27 22:59:01 +0000"
    },
    "done": true
  },
  "narutomodaddon:windjutsuinit": {
    "criteria": {
      "ninjutsuinit": "2024-10-27 23:15:14 +0000"
    },
    "done": true
  },
  "minecraft:recipes/redstone/spruce_door": {
    "criteria": {
      "has_planks": "2024-10-27 23:18:22 +0000"
    },
    "done": true
  },
  "additionallanterns:recipes/end_stone_lantern_light_gray": {
    "criteria": {
      "recipe_condition": "2024-10-27 22:26:33 +0000"
    },
    "done": true
  },
  "additionallanterns:recipes/red_sandstone_lantern_white": {
    "criteria": {
      "recipe_condition": "2024-10-27 22:26:33 +0000"
    },
    "done": true
  },
  "additionallanterns:recipes/red_sandstone_lantern_lime": {
    "criteria": {
      "recipe_condition": "2024-10-27 22:26:33 +0000"
    },
    "done": true
  },
  "additionallanterns:recipes/diorite_lantern_yellow": {
    "criteria": {
      "recipe_condition": "2024-10-27 22:26:33 +0000"
    },
    "done": true
  },
  "minecraft:recipes/building_blocks/lime_concrete_powder": {
    "criteria": {
      "has_gravel": "2024-10-27 22:49:51 +0000"
    },
    "done": true
  },
  "additionallanterns:recipes/bricks_lantern_light_blue": {
    "criteria": {
      "recipe_condition": "2024-10-27 22:26:33 +0000"
    },
    "done": true
  },
  "additionallanterns:recipes/dark_prismarine_lantern_light_blue": {
    "criteria": {
      "recipe_condition": "2024-10-27 22:26:33 +0000"
    },
    "done": true
  },
  "minecraft:recipes/tools/iron_pickaxe": {
    "criteria": {
      "has_iron_ingot": "2024-10-27 22:59:01 +0000"
    },
    "done": true
  },
  "additionallanterns:recipes/cobblestone_lantern_yellow": {
    "criteria": {
      "recipe_condition": "2024-10-27 22:26:33 +0000"
    },
    "done": true
  },
  "minecraft:recipes/building_blocks/yellow_concrete_powder": {
    "criteria": {
      "has_gravel": "2024-10-27 22:49:51 +0000"
    },
    "done": true
  },
  "minecraft:recipes/redstone/spruce_fence_gate": {
    "criteria": {
      "has_planks": "2024-10-27 23:18:22 +0000"
    },
    "done": true
  },
  "additionallanterns:recipes/diamond_lantern_black": {
    "criteria": {
      "recipe_condition": "2024-10-27 22:26:33 +0000"
    },
    "done": true
  },
  "minecraft:recipes/decorations/crafting_table": {
    "criteria": {
      "has_planks": "2024-10-27 22:43:19 +0000"
    },
    "done": true
  },
  "minecraft:recipes/building_blocks/magenta_wool": {
    "criteria": {
      "has_white_wool": "2024-10-27 22:47:04 +0000"
    },
    "done": true
  },
  "minecraft:recipes/decorations/ladder": {
    "criteria": {
      "has_stick": "2024-10-27 22:43:22 +0000"
    },
    "done": true
  },
  "minecraft:recipes/decorations/chest": {
    "criteria": {
      "has_lots_of_items": "2024-10-27 22:38:47 +0000"
    },
    "done": true
  },
  "additionallanterns:recipes/iron_lantern_magenta": {
    "criteria": {
      "recipe_condition": "2024-10-27 22:26:33 +0000"
    },
    "done": true
  },
  "additionallanterns:recipes/bone_lantern_yellow": {
    "criteria": {
      "recipe_condition": "2024-10-27 22:26:33 +0000"
    },
    "done": true
  },
  "minecraft:recipes/tools/wooden_shovel": {
    "criteria": {
      "has_stick": "2024-10-27 22:43:22 +0000"
    },
    "done": true
  },
  "additionallanterns:recipes/gold_lantern_magenta": {
    "criteria": {
      "recipe_condition": "2024-10-27 22:26:33 +0000"
    },
    "done": true
  },
  "minecraft:recipes/decorations/torch": {
    "criteria": {
      "has_stone_pickaxe": "2024-10-27 22:44:12 +0000"
    },
    "done": true
  },
  "additionallanterns:recipes/purpur_lantern_yellow": {
    "criteria": {
      "recipe_condition": "2024-10-27 22:26:33 +0000"
    },
    "done": true
  },
  "additionallanterns:recipes/bricks_lantern_pink": {
    "criteria": {
      "recipe_condition": "2024-10-27 22:26:33 +0000"
    },
    "done": true
  },
  "additionallanterns:recipes/quartz_lantern_lime": {
    "criteria": {
      "recipe_condition": "2024-10-27 22:26:33 +0000"
    },
    "done": true
  },
  "additionallanterns:recipes/prismarine_lantern_light_blue": {
    "criteria": {
      "recipe_condition": "2024-10-27 22:26:33 +0000"
    },
    "done": true
  },
  "minecraft:recipes/tools/shears": {
    "criteria": {
      "has_iron_ingot": "2024-10-27 22:59:01 +0000"
    },
    "done": true
  },
  "minecraft:recipes/misc/stick": {
    "criteria": {
      "has_planks": "2024-10-27 22:43:19 +0000"
    },
    "done": true
  },
  "additionallanterns:recipes/diorite_lantern_light_blue": {
    "criteria": {
      "recipe_condition": "2024-10-27 22:26:33 +0000"
    },
    "done": true
  },
  "additionallanterns:recipes/red_nether_bricks_lantern_green": {
    "criteria": {
      "recipe_condition": "2024-10-27 22:26:33 +0000"
    },
    "done": true
  },
  "additionallanterns:recipes/red_sandstone_lantern_magenta": {
    "criteria": {
      "recipe_condition": "2024-10-27 22:26:33 +0000"
    },
    "done": true
  },
  "minecraft:recipes/redstone/dispenser": {
    "criteria": {
      "has_bow": "2024-10-27 22:38:16 +0000"
    },
    "done": true
  },
  "minecraft:recipes/misc/pink_dye_from_red_bonemeal": {
    "criteria": {
      "has_bonemeal": "2024-10-27 23:23:09 +0000"
    },
    "done": true
  },
  "additionallanterns:recipes/mossy_cobblestone_lantern_red": {
    "criteria": {
      "recipe_condition": "2024-10-27 22:26:33 +0000"
    },
    "done": true
  },
  "additionallanterns:recipes/diamond_lantern_pink": {
    "criteria": {
      "recipe_condition": "2024-10-27 22:26:33 +0000"
    },
    "done": true
  },
  "additionallanterns:recipes/quartz_lantern_colorless": {
    "criteria": {
      "recipe_condition": "2024-10-27 22:26:33 +0000"
    },
    "done": true
  },
  "additionallanterns:recipes/normal_nether_bricks_lantern_lime": {
    "criteria": {
      "recipe_condition": "2024-10-27 22:26:33 +0000"
    },
    "done": true
  },
  "minecraft:recipes/food/cake": {
    "criteria": {
      "has_egg": "2024-10-27 22:30:30 +0000"
    },
    "done": true
  },
  "additionallanterns:recipes/gold_lantern_colorless": {
    "criteria": {
      "recipe_condition": "2024-10-27 22:26:33 +0000"
    },
    "done": true
  },
  "minecraft:recipes/combat/iron_leggings": {
    "criteria": {
      "has_iron_ingot": "2024-10-27 22:59:01 +0000"
    },
    "done": true
  },
  "minecraft:recipes/combat/shield": {
    "criteria": {
      "has_iron_ingot": "2024-10-27 22:59:01 +0000"
    },
    "done": true
  },
  "additionallanterns:recipes/cobblestone_lantern_colorless": {
    "criteria": {
      "recipe_condition": "2024-10-27 22:26:33 +0000"
    },
    "done": true
  },
  "minecraft:recipes/building_blocks/cobblestone_slab": {
    "criteria": {
      "has_cobblestone": "2024-10-27 22:43:42 +0000"
    },
    "done": true
  },
  "additionallanterns:recipes/smooth_stone_lantern_blue": {
    "criteria": {
      "recipe_condition": "2024-10-27 22:26:33 +0000"
    },
    "done": true
  },
  "additionallanterns:recipes/gold_lantern_orange": {
    "criteria": {
      "recipe_condition": "2024-10-27 22:26:33 +0000"
    },
    "done": true
  },
  "minecraft:recipes/misc/iron_ingot_from_block": {
    "criteria": {
      "has_the_recipe": "2024-10-27 22:59:05 +0000"
    },
    "done": true
  },
  "additionallanterns:recipes/bone_lantern_red": {
    "criteria": {
      "recipe_condition": "2024-10-27 22:26:33 +0000"
    },
    "done": true
  },
  "minecraft:recipes/decorations/gray_bed": {
    "criteria": {
      "has_gray_wool": "2024-10-27 23:23:43 +0000"
    },
    "done": true
  },
  "additionallanterns:recipes/obsidian_lantern_white": {
    "criteria": {
      "recipe_condition": "2024-10-27 22:26:33 +0000"
    },
    "done": true
  },
  "additionallanterns:recipes/emerald_lantern": {
    "criteria": {
      "recipe_condition": "2024-10-27 22:49:33 +0000"
    },
    "done": true
  },
  "minecraft:recipes/redstone/hopper": {
    "criteria": {
      "has_iron_ingot": "2024-10-27 22:59:01 +0000"
    },
    "done": true
  },
  "additionallanterns:recipes/gold_lantern_light_blue": {
    "criteria": {
      "recipe_condition": "2024-10-27 22:26:33 +0000"
    },
    "done": true
  },
  "additionallanterns:recipes/cobblestone_lantern_blue": {
    "criteria": {
      "recipe_condition": "2024-10-27 22:26:33 +0000"
    },
    "done": true
  },
  "minecraft:recipes/building_blocks/coarse_dirt": {
    "criteria": {
      "has_gravel": "2024-10-27 22:49:51 +0000"
    },
    "done": true
  },
  "additionallanterns:recipes/granite_lantern_colorless": {
    "criteria": {
      "recipe_condition": "2024-10-27 22:26:33 +0000"
    },
    "done": true
  },
  "additionallanterns:recipes/stone_bricks_lantern_light_gray": {
    "criteria": {
      "recipe_condition": "2024-10-27 22:26:33 +0000"
    },
    "done": true
  },
  "additionallanterns:recipes/normal_nether_bricks_lantern_black": {
    "criteria": {
      "recipe_condition": "2024-10-27 22:26:33 +0000"
    },
    "done": true
  },
  "additionallanterns:recipes/normal_sandstone_lantern_gray": {
    "criteria": {
      "recipe_condition": "2024-10-27 22:26:33 +0000"
    },
    "done": true
  },
  "minecraft:recipes/redstone/fence_gate": {
    "criteria": {
      "has_planks": "2024-10-27 22:43:19 +0000"
    },
    "done": true
  },
  "additionallanterns:recipes/iron_lantern_colorless": {
    "criteria": {
      "recipe_condition": "2024-10-27 22:26:33 +0000"
    },
    "done": true
  },
  "additionallanterns:recipes/normal_lantern_lime": {
    "criteria": {
      "recipe_condition": "2024-10-27 22:26:33 +0000"
    },
    "done": true
  },
  "additionallanterns:recipes/mossy_cobblestone_lantern_yellow": {
    "criteria": {
      "recipe_condition": "2024-10-27 22:26:33 +0000"
    },
    "done": true
  },
  "minecraft:recipes/building_blocks/light_gray_concrete_powder": {
    "criteria": {
      "has_gravel": "2024-10-27 22:49:51 +0000"
    },
    "done": true
  },
  "additionallanterns:recipes/mossy_cobblestone_lantern_magenta": {
    "criteria": {
      "recipe_condition": "2024-10-27 22:26:33 +0000"
    },
    "done": true
  },
  "additionallanterns:recipes/granite_lantern_purple": {
    "criteria": {
      "recipe_condition": "2024-10-27 22:26:33 +0000"
    },
    "done": true
  },
  "additionallanterns:recipes/emerald_lantern_white": {
    "criteria": {
      "recipe_condition": "2024-10-27 22:26:33 +0000"
    },
    "done": true
  },
  "additionallanterns:recipes/granite_lantern_gray": {
    "criteria": {
      "recipe_condition": "2024-10-27 22:26:33 +0000"
    },
    "done": true
  },
  "minecraft:recipes/misc/lime_dye": {
    "criteria": {
      "has_bonemeal": "2024-10-27 23:23:09 +0000"
    },
    "done": true
  },
  "additionallanterns:recipes/normal_lantern_yellow": {
    "criteria": {
      "recipe_condition": "2024-10-27 22:26:33 +0000"
    },
    "done": true
  },
  "additionallanterns:recipes/gold_lantern": {
    "criteria": {
      "recipe_condition": "2024-10-27 22:49:33 +0000"
    },
    "done": true
  },
  "additionallanterns:recipes/end_stone_lantern_white": {
    "criteria": {
      "recipe_condition": "2024-10-27 22:26:33 +0000"
    },
    "done": true
  },
  "minecraft:recipes/building_blocks/pink_concrete_powder": {
    "criteria": {
      "has_gravel": "2024-10-27 22:49:51 +0000"
    },
    "done": true
  },
  "additionallanterns:recipes/cobblestone_lantern": {
    "criteria": {
      "recipe_condition": "2024-10-27 22:49:33 +0000"
    },
    "done": true
  },
  "additionallanterns:recipes/bone_lantern": {
    "criteria": {
      "recipe_condition": "2024-10-27 22:49:33 +0000"
    },
    "done": true
  },
  "additionallanterns:recipes/quartz_lantern_red": {
    "criteria": {
      "recipe_condition": "2024-10-27 22:26:33 +0000"
    },
    "done": true
  },
  "additionallanterns:recipes/quartz_lantern_blue": {
    "criteria": {
      "recipe_condition": "2024-10-27 22:26:33 +0000"
    },
    "done": true
  },
  "additionallanterns:recipes/red_sandstone_lantern_light_gray": {
    "criteria": {
      "recipe_condition": "2024-10-27 22:26:33 +0000"
    },
    "done": true
  },
  "additionallanterns:recipes/diorite_lantern": {
    "criteria": {
      "recipe_condition": "2024-10-27 22:49:33 +0000"
    },
    "done": true
  },
  "minecraft:recipes/decorations/magenta_bed_from_white_bed": {
    "criteria": {
      "has_bed": "2024-10-27 22:47:04 +0000"
    },
    "done": true
  },
  "minecraft:recipes/decorations/iron_bars": {
    "criteria": {
      "has_iron_ingot": "2024-10-27 22:59:01 +0000"
    },
    "done": true
  },
  "additionallanterns:recipes/prismarine_lantern_brown": {
    "criteria": {
      "recipe_condition": "2024-10-27 22:26:33 +0000"
    },
    "done": true
  },
  "additionallanterns:recipes/diorite_lantern_brown": {
    "criteria": {
      "recipe_condition": "2024-10-27 22:26:33 +0000"
    },
    "done": true
  },
  "minecraft:recipes/building_blocks/blue_wool": {
    "criteria": {
      "has_white_wool": "2024-10-27 22:47:04 +0000"
    },
    "done": true
  },
  "minecraft:story/obtain_armor": {
    "criteria": {
      "iron_chestplate": "2024-10-27 22:59:22 +0000"
    },
    "done": true
  },
  "additionallanterns:recipes/cobblestone_lantern_light_blue": {
    "criteria": {
      "recipe_condition": "2024-10-27 22:26:33 +0000"
    },
    "done": true
  },
  "additionallanterns:recipes/iron_lantern_white": {
    "criteria": {
      "recipe_condition": "2024-10-27 22:26:33 +0000"
    },
    "done": true
  },
  "additionallanterns:recipes/mossy_cobblestone_lantern_brown": {
    "criteria": {
      "recipe_condition": "2024-10-27 22:26:33 +0000"
    },
    "done": true
  },
  "additionallanterns:recipes/emerald_lantern_magenta": {
    "criteria": {
      "recipe_condition": "2024-10-27 22:26:33 +0000"
    },
    "done": true
  },
  "additionallanterns:recipes/red_sandstone_lantern_red": {
    "criteria": {
      "recipe_condition": "2024-10-27 22:26:33 +0000"
    },
    "done": true
  },
  "additionallanterns:recipes/granite_lantern_brown": {
    "criteria": {
      "recipe_condition": "2024-10-27 22:26:33 +0000"
    },
    "done": true
  },
  "minecraft:adventure/sleep_in_bed": {
    "criteria": {
      "slept_in_bed": "2024-10-27 22:34:18 +0000"
    },
    "done": true
  },
  "minecraft:recipes/building_blocks/sandstone": {
    "criteria": {
      "has_sand": "2024-10-27 23:36:18 +0000"
    },
    "done": true
  },
  "minecraft:recipes/building_blocks/spruce_planks": {
    "criteria": {
      "has_log": "2024-10-27 23:18:19 +0000"
    },
    "done": true
  },
  "additionallanterns:recipes/smooth_stone_lantern_colorless": {
    "criteria": {
      "recipe_condition": "2024-10-27 22:26:33 +0000"
    },
    "done": true
  },
  "additionallanterns:recipes/red_nether_bricks_lantern_cyan": {
    "criteria": {
      "recipe_condition": "2024-10-27 22:26:33 +0000"
    },
    "done": true
  },
  "additionallanterns:recipes/andesite_lantern_light_blue": {
    "criteria": {
      "recipe_condition": "2024-10-27 22:26:33 +0000"
    },
    "done": true
  },
  "additionallanterns:recipes/normal_nether_bricks_lantern_yellow": {
    "criteria": {
      "recipe_condition": "2024-10-27 22:26:33 +0000"
    },
    "done": true
  },
  "additionallanterns:recipes/andesite_lantern_colorless": {
    "criteria": {
      "recipe_condition": "2024-10-27 22:26:33 +0000"
    },
    "done": true
  },
  "additionallanterns:recipes/bricks_lantern_brown": {
    "criteria": {
      "recipe_condition": "2024-10-27 22:26:33 +0000"
    },
    "done": true
  },
  "minecraft:recipes/building_blocks/oak_stairs": {
    "criteria": {
      "has_planks": "2024-10-27 22:43:19 +0000"
    },
    "done": true
  },
  "additionallanterns:recipes/red_nether_bricks_lantern_colorless": {
    "criteria": {
      "recipe_condition": "2024-10-27 22:26:33 +0000"
    },
    "done": true
  },
  "additionallanterns:recipes/diorite_lantern_magenta": {
    "criteria": {
      "recipe_condition": "2024-10-27 22:26:33 +0000"
    },
    "done": true
  },
  "additionallanterns:recipes/additionallanterns/andesite_chain": {
    "criteria": {
      "recipe_condition": "2024-10-27 23:00:12 +0000"
    },
    "done": true
  },
  "additionallanterns:recipes/normal_lantern_light_gray": {
    "criteria": {
      "recipe_condition": "2024-10-27 22:26:33 +0000"
    },
    "done": true
  },
  "minecraft:recipes/transportation/acacia_boat": {
    "criteria": {
      "entered_water": "2024-10-27 22:26:51 +0000"
    },
    "done": true
  },
  "additionallanterns:recipes/normal_lantern_green": {
    "criteria": {
      "recipe_condition": "2024-10-27 22:26:33 +0000"
    },
    "done": true
  },
  "minecraft:recipes/redstone/iron_trapdoor": {
    "criteria": {
      "has_iron_ingot": "2024-10-27 22:59:01 +0000"
    },
    "done": true
  },
  "additionallanterns:recipes/red_sandstone_lantern_yellow": {
    "criteria": {
      "recipe_condition": "2024-10-27 22:26:33 +0000"
    },
    "done": true
  },
  "additionallanterns:recipes/stone_bricks_lantern_lime": {
    "criteria": {
      "recipe_condition": "2024-10-27 22:26:33 +0000"
    },
    "done": true
  },
  "additionallanterns:recipes/andesite_lantern_blue": {
    "criteria": {
      "recipe_condition": "2024-10-27 22:26:33 +0000"
    },
    "done": true
  },
  "minecraft:adventure/root": {
    "criteria": {
      "killed_by_something": "2024-10-27 22:32:05 +0000"
    },
    "done": true
  },
  "additionallanterns:recipes/purpur_lantern_cyan": {
    "criteria": {
      "recipe_condition": "2024-10-27 22:26:33 +0000"
    },
    "done": true
  },
  "additionallanterns:recipes/normal_lantern_white": {
    "criteria": {
      "recipe_condition": "2024-10-27 22:26:33 +0000"
    },
    "done": true
  },
  "additionallanterns:recipes/granite_lantern_cyan": {
    "criteria": {
      "recipe_condition": "2024-10-27 22:26:33 +0000"
    },
    "done": true
  },
  "additionallanterns:recipes/end_stone_lantern_gray": {
    "criteria": {
      "recipe_condition": "2024-10-27 22:26:33 +0000"
    },
    "done": true
  },
  "minecraft:recipes/decorations/black_bed": {
    "criteria": {
      "has_black_wool": "2024-10-27 23:25:51 +0000"
    },
    "done": true
  },
  "additionallanterns:recipes/purpur_lantern_magenta": {
    "criteria": {
      "recipe_condition": "2024-10-27 22:26:33 +0000"
    },
    "done": true
  },
  "additionallanterns:recipes/gold_lantern_pink": {
    "criteria": {
      "recipe_condition": "2024-10-27 22:26:33 +0000"
    },
    "done": true
  },
  "minecraft:recipes/decorations/gray_bed_from_white_bed": {
    "criteria": {
      "has_bed": "2024-10-27 22:47:04 +0000"
    },
    "done": true
  },
  "additionallanterns:recipes/diamond_lantern_colorless": {
    "criteria": {
      "recipe_condition": "2024-10-27 22:26:33 +0000"
    },
    "done": true
  },
  "minecraft:recipes/building_blocks/white_concrete_powder": {
    "criteria": {
      "has_gravel": "2024-10-27 22:49:51 +0000"
    },
    "done": true
  },
  "additionallanterns:recipes/normal_sandstone_lantern_colorless": {
    "criteria": {
      "recipe_condition": "2024-10-27 22:26:33 +0000"
    },
    "done": true
  },
  "minecraft:adventure/kill_all_mobs": {
    "criteria": {
      "skeleton": "2024-10-27 23:00:09 +0000",
      "zombie": "2024-10-27 23:17:03 +0000",
      "spider": "2024-10-27 22:36:20 +0000"
    },
    "done": false
  },
  "additionallanterns:recipes/normal_sandstone_lantern_light_gray": {
    "criteria": {
      "recipe_condition": "2024-10-27 22:26:33 +0000"
    },
    "done": true
  },
  "additionallanterns:recipes/normal_nether_bricks_lantern_blue": {
    "criteria": {
      "recipe_condition": "2024-10-27 22:26:33 +0000"
    },
    "done": true
  },
  "additionallanterns:recipes/mossy_cobblestone_lantern_cyan": {
    "criteria": {
      "recipe_condition": "2024-10-27 22:26:33 +0000"
    },
    "done": true
  },
  "minecraft:recipes/redstone/redstone_block": {
    "criteria": {
      "has_at_least_9_redstone": "2024-10-27 23:14:51 +0000"
    },
    "done": true
  },
  "additionallanterns:recipes/iron_lantern_green": {
    "criteria": {
      "recipe_condition": "2024-10-27 22:26:33 +0000"
    },
    "done": true
  },
  "additionallanterns:recipes/red_sandstone_lantern_green": {
    "criteria": {
      "recipe_condition": "2024-10-27 22:26:33 +0000"
    },
    "done": true
  },
  "additionallanterns:recipes/obsidian_lantern_magenta": {
    "criteria": {
      "recipe_condition": "2024-10-27 22:26:33 +0000"
    },
    "done": true
  },
  "additionallanterns:recipes/emerald_lantern_black": {
    "criteria": {
      "recipe_condition": "2024-10-27 22:26:33 +0000"
    },
    "done": true
  },
  "additionallanterns:recipes/bone_lantern_cyan": {
    "criteria": {
      "recipe_condition": "2024-10-27 22:26:33 +0000"
    },
    "done": true
  },
  "additionallanterns:recipes/iron_lantern_purple": {
    "criteria": {
      "recipe_condition": "2024-10-27 22:26:33 +0000"
    },
    "done": true
  },
  "minecraft:recipes/decorations/pink_bed_from_white_bed": {
    "criteria": {
      "has_bed": "2024-10-27 22:47:04 +0000"
    },
    "done": true
  },
  "narutomodaddon:ninjutsuinit": {
    "criteria": {
      "ninjutsuinit": "2024-10-27 23:15:14 +0000"
    },
    "done": true
  },
  "additionallanterns:recipes/red_nether_bricks_lantern_red": {
    "criteria": {
      "recipe_condition": "2024-10-27 22:26:33 +0000"
    },
    "done": true
  },
  "additionallanterns:recipes/end_stone_lantern_green": {
    "criteria": {
      "recipe_condition": "2024-10-27 22:26:33 +0000"
    },
    "done": true
  },
  "additionallanterns:recipes/normal_sandstone_lantern_brown": {
    "criteria": {
      "recipe_condition": "2024-10-27 22:26:33 +0000"
    },
    "done": true
  },
  "additionallanterns:recipes/red_sandstone_lantern_cyan": {
    "criteria": {
      "recipe_condition": "2024-10-27 22:26:33 +0000"
    },
    "done": true
  },
  "additionallanterns:recipes/dark_prismarine_lantern_green": {
    "criteria": {
      "recipe_condition": "2024-10-27 22:26:33 +0000"
    },
    "done": true
  },
  "additionallanterns:recipes/normal_sandstone_lantern_yellow": {
    "criteria": {
      "recipe_condition": "2024-10-27 22:26:33 +0000"
    },
    "done": true
  },
  "additionallanterns:recipes/dark_prismarine_lantern_white": {
    "criteria": {
      "recipe_condition": "2024-10-27 22:26:33 +0000"
    },
    "done": true
  },
  "additionallanterns:recipes/emerald_lantern_gray": {
    "criteria": {
      "recipe_condition": "2024-10-27 22:26:33 +0000"
    },
    "done": true
  },
  "additionallanterns:recipes/stone_bricks_lantern_black": {
    "criteria": {
      "recipe_condition": "2024-10-27 22:26:33 +0000"
    },
    "done": true
  },
  "additionallanterns:recipes/prismarine_lantern_cyan": {
    "criteria": {
      "recipe_condition": "2024-10-27 22:26:33 +0000"
    },
    "done": true
  },
  "additionallanterns:recipes/cobblestone_lantern_lime": {
    "criteria": {
      "recipe_condition": "2024-10-27 22:26:33 +0000"
    },
    "done": true
  },
  "additionallanterns:recipes/stone_lantern_lime": {
    "criteria": {
      "recipe_condition": "2024-10-27 22:26:33 +0000"
    },
    "done": true
  },
  "additionallanterns:recipes/dark_prismarine_lantern_gray": {
    "criteria": {
      "recipe_condition": "2024-10-27 22:26:33 +0000"
    },
    "done": true
  },
  "additionallanterns:recipes/gold_lantern_black": {
    "criteria": {
      "recipe_condition": "2024-10-27 22:26:33 +0000"
    },
    "done": true
  },
  "minecraft:recipes/building_blocks/orange_concrete_powder": {
    "criteria": {
      "has_gravel": "2024-10-27 22:49:51 +0000"
    },
    "done": true
  },
  "additionallanterns:recipes/smooth_stone_lantern_magenta": {
    "criteria": {
      "recipe_condition": "2024-10-27 22:26:33 +0000"
    },
    "done": true
  },
  "additionallanterns:recipes/quartz_lantern_yellow": {
    "criteria": {
      "recipe_condition": "2024-10-27 22:26:33 +0000"
    },
    "done": true
  },
  "additionallanterns:recipes/diamond_lantern_orange": {
    "criteria": {
      "recipe_condition": "2024-10-27 22:26:33 +0000"
    },
    "done": true
  },
  "additionallanterns:recipes/obsidian_lantern_orange": {
    "criteria": {
      "recipe_condition": "2024-10-27 22:26:33 +0000"
    },
    "done": true
  },
  "minecraft:recipes/building_blocks/black_wool": {
    "criteria": {
      "has_white_wool": "2024-10-27 22:47:04 +0000"
    },
    "done": true
  },
  "additionallanterns:recipes/smooth_stone_lantern_yellow": {
    "criteria": {
      "recipe_condition": "2024-10-27 22:26:33 +0000"
    },
    "done": true
  },
  "additionallanterns:recipes/granite_lantern_light_gray": {
    "criteria": {
      "recipe_condition": "2024-10-27 22:26:33 +0000"
    },
    "done": true
  },
  "additionallanterns:recipes/prismarine_lantern_purple": {
    "criteria": {
      "recipe_condition": "2024-10-27 22:26:33 +0000"
    },
    "done": true
  },
  "additionallanterns:recipes/emerald_lantern_orange": {
    "criteria": {
      "recipe_condition": "2024-10-27 22:26:33 +0000"
    },
    "done": true
  },
  "additionallanterns:recipes/bone_lantern_lime": {
    "criteria": {
      "recipe_condition": "2024-10-27 22:26:33 +0000"
    },
    "done": true
  },
  "additionallanterns:recipes/stone_bricks_lantern_yellow": {
    "criteria": {
      "recipe_condition": "2024-10-27 22:26:33 +0000"
    },
    "done": true
  },
  "additionallanterns:recipes/purpur_lantern_light_blue": {
    "criteria": {
      "recipe_condition": "2024-10-27 22:26:33 +0000"
    },
    "done": true
  },
  "additionallanterns:recipes/prismarine_lantern_green": {
    "criteria": {
      "recipe_condition": "2024-10-27 22:26:33 +0000"
    },
    "done": true
  },
  "additionallanterns:recipes/smooth_stone_lantern_red": {
    "criteria": {
      "recipe_condition": "2024-10-27 22:26:33 +0000"
    },
    "done": true
  },
  "additionallanterns:recipes/andesite_lantern_white": {
    "criteria": {
      "recipe_condition": "2024-10-27 22:26:33 +0000"
    },
    "done": true
  },
  "additionallanterns:recipes/dark_prismarine_lantern": {
    "criteria": {
      "recipe_condition": "2024-10-27 22:49:33 +0000"
    },
    "done": true
  },
  "additionallanterns:recipes/bricks_lantern_gray": {
    "criteria": {
      "recipe_condition": "2024-10-27 22:26:33 +0000"
    },
    "done": true
  },
  "minecraft:recipes/misc/light_gray_dye_from_gray_bonemeal": {
    "criteria": {
      "has_bonemeal": "2024-10-27 23:23:09 +0000"
    },
    "done": true
  },
  "additionallanterns:recipes/stone_bricks_lantern_gray": {
    "criteria": {
      "recipe_condition": "2024-10-27 22:26:33 +0000"
    },
    "done": true
  },
  "additionallanterns:recipes/bone_lantern_colorless": {
    "criteria": {
      "recipe_condition": "2024-10-27 22:26:33 +0000"
    },
    "done": true
  },
  "additionallanterns:recipes/bone_lantern_magenta": {
    "criteria": {
      "recipe_condition": "2024-10-27 22:26:33 +0000"
    },
    "done": true
  },
  "additionallanterns:recipes/emerald_lantern_cyan": {
    "criteria": {
      "recipe_condition": "2024-10-27 22:26:33 +0000"
    },
    "done": true
  },
  "additionallanterns:recipes/bone_lantern_brown": {
    "criteria": {
      "recipe_condition": "2024-10-27 22:26:33 +0000"
    },
    "done": true
  },
  "additionallanterns:recipes/granite_lantern": {
    "criteria": {
      "recipe_condition": "2024-10-27 22:49:33 +0000"
    },
    "done": true
  },
  "minecraft:recipes/building_blocks/iron_block": {
    "criteria": {
      "has_at_least_9_iron_ingot": "2024-10-27 22:59:05 +0000"
    },
    "done": true
  },
  "additionallanterns:recipes/normal_sandstone_lantern_red": {
    "criteria": {
      "recipe_condition": "2024-10-27 22:26:33 +0000"
    },
    "done": true
  },
  "additionallanterns:recipes/stone_bricks_lantern": {
    "criteria": {
      "recipe_condition": "2024-10-27 22:49:33 +0000"
    },
    "done": true
  },
  "additionallanterns:recipes/quartz_lantern_light_blue": {
    "criteria": {
      "recipe_condition": "2024-10-27 22:26:33 +0000"
    },
    "done": true
  },
  "additionallanterns:recipes/emerald_lantern_yellow": {
    "criteria": {
      "recipe_condition": "2024-10-27 22:26:33 +0000"
    },
    "done": true
  },
  "minecraft:recipes/redstone/wooden_pressure_plate": {
    "criteria": {
      "has_planks": "2024-10-27 22:43:19 +0000"
    },
    "done": true
  },
  "additionallanterns:recipes/bricks_lantern_orange": {
    "criteria": {
      "recipe_condition": "2024-10-27 22:26:33 +0000"
    },
    "done": true
  },
  "additionallanterns:recipes/andesite_lantern_lime": {
    "criteria": {
      "recipe_condition": "2024-10-27 22:26:33 +0000"
    },
    "done": true
  },
  "additionallanterns:recipes/quartz_lantern": {
    "criteria": {
      "recipe_condition": "2024-10-27 22:49:33 +0000"
    },
    "done": true
  },
  "additionallanterns:recipes/end_stone_lantern": {
    "criteria": {
      "recipe_condition": "2024-10-27 22:49:33 +0000"
    },
    "done": true
  },
  "additionallanterns:recipes/normal_nether_bricks_lantern_magenta": {
    "criteria": {
      "recipe_condition": "2024-10-27 22:26:33 +0000"
    },
    "done": true
  },
  "additionallanterns:recipes/stone_lantern_light_blue": {
    "criteria": {
      "recipe_condition": "2024-10-27 22:26:33 +0000"
    },
    "done": true
  },
  "mowziesmobs:root": {
    "criteria": {
      "custom_test_name": "2024-10-27 22:26:33 +0000"
    },
    "done": true
  },
  "additionallanterns:recipes/cobblestone_lantern_cyan": {
    "criteria": {
      "recipe_condition": "2024-10-27 22:26:33 +0000"
    },
    "done": true
  },
  "additionallanterns:recipes/end_stone_lantern_purple": {
    "criteria": {
      "recipe_condition": "2024-10-27 22:26:33 +0000"
    },
    "done": true
  },
  "minecraft:recipes/building_blocks/light_blue_wool": {
    "criteria": {
      "has_white_wool": "2024-10-27 22:47:04 +0000"
    },
    "done": true
  },
  "minecraft:recipes/redstone/wooden_button": {
    "criteria": {
      "has_planks": "2024-10-27 22:43:19 +0000"
    },
    "done": true
  },
  "minecraft:recipes/combat/wooden_sword": {
    "criteria": {
      "has_stick": "2024-10-27 22:43:22 +0000"
    },
    "done": true
  },
  "additionallanterns:recipes/purpur_lantern_colorless": {
    "criteria": {
      "recipe_condition": "2024-10-27 22:26:33 +0000"
    },
    "done": true
  },
  "additionallanterns:recipes/diamond_lantern_light_gray": {
    "criteria": {
      "recipe_condition": "2024-10-27 22:26:33 +0000"
    },
    "done": true
  },
  "minecraft:recipes/decorations/gray_banner": {
    "criteria": {
      "has_gray_wool": "2024-10-27 23:23:43 +0000"
    },
    "done": true
  },
  "minecraft:recipes/building_blocks/oak_planks": {
    "criteria": {
      "has_log": "2024-10-27 22:43:01 +0000"
    },
    "done": true
  },
  "additionallanterns:recipes/stone_lantern_gray": {
    "criteria": {
      "recipe_condition": "2024-10-27 22:26:33 +0000"
    },
    "done": true
  },
  "additionallanterns:recipes/iron_lantern_cyan": {
    "criteria": {
      "recipe_condition": "2024-10-27 22:26:33 +0000"
    },
    "done": true
  },
  "minecraft:recipes/building_blocks/gray_concrete_powder": {
    "criteria": {
      "has_gravel": "2024-10-27 22:49:51 +0000"
    },
    "done": true
  },
  "additionallanterns:recipes/mossy_cobblestone_lantern_light_blue": {
    "criteria": {
      "recipe_condition": "2024-10-27 22:26:33 +0000"
    },
    "done": true
  },
  "additionallanterns:recipes/stone_bricks_lantern_green": {
    "criteria": {
      "recipe_condition": "2024-10-27 22:26:33 +0000"
    },
    "done": true
  },
  "additionallanterns:recipes/normal_lantern_brown": {
    "criteria": {
      "recipe_condition": "2024-10-27 22:26:33 +0000"
    },
    "done": true
  },
  "additionallanterns:recipes/gold_lantern_green": {
    "criteria": {
      "recipe_condition": "2024-10-27 22:26:33 +0000"
    },
    "done": true
  },
  "minecraft:recipes/decorations/fence": {
    "criteria": {
      "has_planks": "2024-10-27 22:43:19 +0000"
    },
    "done": true
  },
  "additionallanterns:recipes/cobblestone_lantern_green": {
    "criteria": {
      "recipe_condition": "2024-10-27 22:26:33 +0000"
    },
    "done": true
  },
  "minecraft:recipes/tools/iron_axe": {
    "criteria": {
      "has_iron_ingot": "2024-10-27 22:59:01 +0000"
    },
    "done": true
  },
  "minecraft:recipes/decorations/black_banner": {
    "criteria": {
      "has_black_wool": "2024-10-27 23:25:51 +0000"
    },
    "done": true
  },
  "minecraft:recipes/decorations/gray_carpet": {
    "criteria": {
      "has_gray_wool": "2024-10-27 23:23:43 +0000"
    },
    "done": true
  },
  "minecraft:recipes/redstone/tripwire_hook": {
    "criteria": {
      "has_string": "2024-10-27 22:33:30 +0000"
    },
    "done": true
  },
  "additionallanterns:recipes/obsidian_lantern_green": {
    "criteria": {
      "recipe_condition": "2024-10-27 22:26:33 +0000"
    },
    "done": true
  },
  "additionallanterns:recipes/dark_prismarine_lantern_black": {
    "criteria": {
      "recipe_condition": "2024-10-27 22:26:33 +0000"
    },
    "done": true
  },
  "additionallanterns:recipes/red_nether_bricks_lantern_purple": {
    "criteria": {
      "recipe_condition": "2024-10-27 22:26:33 +0000"
    },
    "done": true
  },
  "additionallanterns:recipes/diamond_lantern_brown": {
    "criteria": {
      "recipe_condition": "2024-10-27 22:26:33 +0000"
    },
    "done": true
  },
  "minecraft:recipes/combat/iron_boots": {
    "criteria": {
      "has_iron_ingot": "2024-10-27 22:59:01 +0000"
    },
    "done": true
  },
  "minecraft:recipes/misc/bone_meal_from_bone": {
    "criteria": {
      "has_bone": "2024-10-27 23:00:09 +0000"
    },
    "done": true
  },
  "additionallanterns:recipes/red_nether_bricks_lantern_gray": {
    "criteria": {
      "recipe_condition": "2024-10-27 22:26:33 +0000"
    },
    "done": true
  },
  "minecraft:recipes/building_blocks/black_concrete_powder": {
    "criteria": {
      "has_gravel": "2024-10-27 22:49:51 +0000"
    },
    "done": true
  },
  "minecraft:story/iron_tools": {
    "criteria": {
      "iron_pickaxe": "2024-10-27 22:59:22 +0000"
    },
    "done": true
  },
  "additionallanterns:recipes/prismarine_lantern_pink": {
    "criteria": {
      "recipe_condition": "2024-10-27 22:26:33 +0000"
    },
    "done": true
  },
  "additionallanterns:recipes/diorite_lantern_lime": {
    "criteria": {
      "recipe_condition": "2024-10-27 22:26:33 +0000"
    },
    "done": true
  },
  "additionallanterns:recipes/diamond_lantern_magenta": {
    "criteria": {
      "recipe_condition": "2024-10-27 22:26:33 +0000"
    },
    "done": true
  },
  "additionallanterns:recipes/diamond_lantern_white": {
    "criteria": {
      "recipe_condition": "2024-10-27 22:26:33 +0000"
    },
    "done": true
  },
  "additionallanterns:recipes/bone_lantern_light_blue": {
    "criteria": {
      "recipe_condition": "2024-10-27 22:26:33 +0000"
    },
    "done": true
  },
  "minecraft:recipes/building_blocks/spruce_wooden_slab": {
    "criteria": {
      "has_planks": "2024-10-27 23:18:22 +0000"
    },
    "done": true
  },
  "additionallanterns:recipes/diamond_lantern_gray": {
    "criteria": {
      "recipe_condition": "2024-10-27 22:26:33 +0000"
    },
    "done": true
  },
  "minecraft:recipes/combat/iron_chestplate": {
    "criteria": {
      "has_iron_ingot": "2024-10-27 22:59:01 +0000"
    },
    "done": true
  },
  "additionallanterns:recipes/additionallanterns/granite_chain": {
    "criteria": {
      "recipe_condition": "2024-10-27 23:15:04 +0000"
    },
    "done": true
  },
  "minecraft:recipes/building_blocks/yellow_wool": {
    "criteria": {
      "has_white_wool": "2024-10-27 22:47:04 +0000"
    },
    "done": true
  },
  "additionallanterns:recipes/obsidian_lantern_red": {
    "criteria": {
      "recipe_condition": "2024-10-27 22:26:33 +0000"
    },
    "done": true
  },
  "additionallanterns:recipes/purpur_lantern_blue": {
    "criteria": {
      "recipe_condition": "2024-10-27 22:26:33 +0000"
    },
    "done": true
  },
  "additionallanterns:recipes/smooth_stone_lantern_pink": {
    "criteria": {
      "recipe_condition": "2024-10-27 22:26:33 +0000"
    },
    "done": true
  },
  "silentgear:root": {
    "criteria": {
      "get_item": "2024-10-27 22:43:22 +0000"
    },
    "done": true
  },
  "additionallanterns:recipes/andesite_lantern_cyan": {
    "criteria": {
      "recipe_condition": "2024-10-27 22:26:33 +0000"
    },
    "done": true
  },
  "minecraft:recipes/redstone/noteblock": {
    "criteria": {
      "has_redstone": "2024-10-27 23:14:50 +0000"
    },
    "done": true
  },
  "minecraft:recipes/decorations/light_blue_bed_from_white_bed": {
    "criteria": {
      "has_bed": "2024-10-27 22:47:04 +0000"
    },
    "done": true
  },
  "minecraft:recipes/building_blocks/red_concrete_powder": {
    "criteria": {
      "has_gravel": "2024-10-27 22:49:51 +0000"
    },
    "done": true
  },
  "additionallanterns:recipes/additionallanterns/diorite_chain": {
    "criteria": {
      "recipe_condition": "2024-10-27 22:49:54 +0000"
    },
    "done": true
  },
  "additionallanterns:recipes/bricks_lantern_magenta": {
    "criteria": {
      "recipe_condition": "2024-10-27 22:26:33 +0000"
    },
    "done": true
  },
  "additionallanterns:recipes/red_nether_bricks_lantern_light_blue": {
    "criteria": {
      "recipe_condition": "2024-10-27 22:26:33 +0000"
    },
    "done": true
  },
  "additionallanterns:recipes/stone_lantern_red": {
    "criteria": {
      "recipe_condition": "2024-10-27 22:26:33 +0000"
    },
    "done": true
  },
  "minecraft:adventure/kill_a_mob": {
    "criteria": {
      "spider": "2024-10-27 22:36:20 +0000"
    },
    "done": true
  },
  "additionallanterns:recipes/prismarine_lantern_gray": {
    "criteria": {
      "recipe_condition": "2024-10-27 22:26:33 +0000"
    },
    "done": true
  },
  "additionallanterns:recipes/end_stone_lantern_pink": {
    "criteria": {
      "recipe_condition": "2024-10-27 22:26:33 +0000"
    },
    "done": true
  },
  "additionallanterns:recipes/stone_lantern_brown": {
    "criteria": {
      "recipe_condition": "2024-10-27 22:26:33 +0000"
    },
    "done": true
  },
  "additionallanterns:recipes/red_nether_bricks_lantern_black": {
    "criteria": {
      "recipe_condition": "2024-10-27 22:26:33 +0000"
    },
    "done": true
  },
  "additionallanterns:recipes/purpur_lantern_purple": {
    "criteria": {
      "recipe_condition": "2024-10-27 22:26:33 +0000"
    },
    "done": true
  },
  "additionallanterns:recipes/mossy_cobblestone_lantern_gray": {
    "criteria": {
      "recipe_condition": "2024-10-27 22:26:33 +0000"
    },
    "done": true
  },
  "additionallanterns:recipes/iron_lantern_lime": {
    "criteria": {
      "recipe_condition": "2024-10-27 22:26:33 +0000"
    },
    "done": true
  },
  "additionallanterns:recipes/stone_lantern_magenta": {
    "criteria": {
      "recipe_condition": "2024-10-27 22:26:33 +0000"
    },
    "done": true
  },
  "additionallanterns:recipes/red_sandstone_lantern_blue": {
    "criteria": {
      "recipe_condition": "2024-10-27 22:26:33 +0000"
    },
    "done": true
  },
  "additionallanterns:recipes/additionallanterns/emerald_chain": {
    "criteria": {
      "recipe_condition": "2024-10-27 23:15:12 +0000"
    },
    "done": true
  },
  "additionallanterns:recipes/emerald_lantern_lime": {
    "criteria": {
      "recipe_condition": "2024-10-27 22:26:33 +0000"
    },
    "done": true
  },
  "additionallanterns:recipes/obsidian_lantern_light_blue": {
    "criteria": {
      "recipe_condition": "2024-10-27 22:26:33 +0000"
    },
    "done": true
  },
  "additionallanterns:recipes/end_stone_lantern_orange": {
    "criteria": {
      "recipe_condition": "2024-10-27 22:26:33 +0000"
    },
    "done": true
  },
  "additionallanterns:recipes/smooth_stone_lantern_light_blue": {
    "criteria": {
      "recipe_condition": "2024-10-27 22:26:33 +0000"
    },
    "done": true
  },
  "additionallanterns:recipes/bone_lantern_blue": {
    "criteria": {
      "recipe_condition": "2024-10-27 22:26:33 +0000"
    },
    "done": true
  },
  "minecraft:recipes/misc/gray_dye": {
    "criteria": {
      "has_bonemeal": "2024-10-27 23:23:09 +0000"
    },
    "done": true
  },
  "additionallanterns:recipes/mossy_cobblestone_lantern_black": {
    "criteria": {
      "recipe_condition": "2024-10-27 22:26:33 +0000"
    },
    "done": true
  },
  "minecraft:adventure/adventuring_time": {
    "criteria": {
      "forest": "2024-10-27 23:27:44 +0000",
      "birch_forest": "2024-10-27 22:26:33 +0000",
      "swampland": "2024-10-27 23:30:50 +0000",
      "extreme_hills_with_trees": "2024-10-27 22:41:46 +0000",
      "plains": "2024-10-27 23:28:16 +0000",
      "taiga": "2024-10-27 22:27:02 +0000",
      "redwood_taiga": "2024-10-27 23:21:06 +0000",
      "taiga_hills": "2024-10-27 22:30:16 +0000",
      "ocean": "2024-10-27 22:49:47 +0000",
      "extreme_hills": "2024-10-27 22:40:34 +0000",
      "river": "2024-10-27 22:26:53 +0000",
      "stone_beach": "2024-10-27 22:48:50 +0000"
    },
    "done": false
  },
  "additionallanterns:recipes/dark_prismarine_lantern_pink": {
    "criteria": {
      "recipe_condition": "2024-10-27 22:26:33 +0000"
    },
    "done": true
  },
  "minecraft:recipes/decorations/purple_bed_from_white_bed": {
    "criteria": {
      "has_bed": "2024-10-27 22:47:04 +0000"
    },
    "done": true
  },
  "additionallanterns:recipes/normal_sandstone_lantern_cyan": {
    "criteria": {
      "recipe_condition": "2024-10-27 22:26:33 +0000"
    },
    "done": true
  },
  "narutomod:ninjaachievement": {
    "criteria": {
      "ninjaachievement": "2024-10-27 22:26:34 +0000"
    },
    "done": true
  },
  "additionallanterns:recipes/obsidian_lantern_purple": {
    "criteria": {
      "recipe_condition": "2024-10-27 22:26:33 +0000"
    },
    "done": true
  },
  "minecraft:recipes/combat/stone_sword": {
    "criteria": {
      "has_cobblestone": "2024-10-27 22:43:42 +0000"
    },
    "done": true
  },
  "additionallanterns:recipes/normal_nether_bricks_lantern_light_blue": {
    "criteria": {
      "recipe_condition": "2024-10-27 22:26:33 +0000"
    },
    "done": true
  },
  "minecraft:recipes/decorations/cobblestone_wall": {
    "criteria": {
      "has_cobblestone": "2024-10-27 22:43:42 +0000"
    },
    "done": true
  },
  "additionallanterns:recipes/normal_nether_bricks_lantern_brown": {
    "criteria": {
      "recipe_condition": "2024-10-27 22:26:33 +0000"
    },
    "done": true
  },
  "additionallanterns:recipes/quartz_lantern_green": {
    "criteria": {
      "recipe_condition": "2024-10-27 22:26:33 +0000"
    },
    "done": true
  },
  "additionallanterns:recipes/obsidian_lantern_black": {
    "criteria": {
      "recipe_condition": "2024-10-27 22:26:33 +0000"
    },
    "done": true
  },
  "additionallanterns:recipes/iron_lantern_orange": {
    "criteria": {
      "recipe_condition": "2024-10-27 22:26:33 +0000"
    },
    "done": true
  },
  "additionallanterns:recipes/andesite_lantern_brown": {
    "criteria": {
      "recipe_condition": "2024-10-27 22:26:33 +0000"
    },
    "done": true
  },
  "minecraft:recipes/brewing/fermented_spider_eye": {
    "criteria": {
      "has_spider_eye": "2024-10-27 22:33:30 +0000"
    },
    "done": true
  },
  "additionallanterns:recipes/gold_lantern_gray": {
    "criteria": {
      "recipe_condition": "2024-10-27 22:26:33 +0000"
    },
    "done": true
  },
  "minecraft:recipes/tools/stone_pickaxe": {
    "criteria": {
      "has_cobblestone": "2024-10-27 22:43:42 +0000"
    },
    "done": true
  },
  "additionallanterns:recipes/andesite_lantern_magenta": {
    "criteria": {
      "recipe_condition": "2024-10-27 22:26:33 +0000"
    },
    "done": true
  },
  "additionallanterns:recipes/emerald_lantern_light_blue": {
    "criteria": {
      "recipe_condition": "2024-10-27 22:26:33 +0000"
    },
    "done": true
  },
  "additionallanterns:recipes/diorite_lantern_colorless": {
    "criteria": {
      "recipe_condition": "2024-10-27 22:26:33 +0000"
    },
    "done": true
  },
  "additionallanterns:recipes/red_sandstone_lantern": {
    "criteria": {
      "recipe_condition": "2024-10-27 22:49:33 +0000"
    },
    "done": true
  },
  "minecraft:recipes/transportation/boat": {
    "criteria": {
      "entered_water": "2024-10-27 22:26:51 +0000"
    },
    "done": true
  },
  "additionallanterns:recipes/andesite_lantern": {
    "criteria": {
      "recipe_condition": "2024-10-27 22:49:33 +0000"
    },
    "done": true
  },
  "additionallanterns:recipes/iron_lantern_light_blue": {
    "criteria": {
      "recipe_condition": "2024-10-27 22:26:33 +0000"
    },
    "done": true
  },
  "additionallanterns:recipes/obsidian_lantern_gray": {
    "criteria": {
      "recipe_condition": "2024-10-27 22:26:33 +0000"
    },
    "done": true
  },
  "additionallanterns:recipes/diorite_lantern_black": {
    "criteria": {
      "recipe_condition": "2024-10-27 22:26:33 +0000"
    },
    "done": true
  },
  "additionallanterns:recipes/stone_bricks_lantern_colorless": {
    "criteria": {
      "recipe_condition": "2024-10-27 22:26:33 +0000"
    },
    "done": true
  },
  "additionallanterns:recipes/red_nether_bricks_lantern_orange": {
    "criteria": {
      "recipe_condition": "2024-10-27 22:26:33 +0000"
    },
    "done": true
  },
  "additionallanterns:recipes/prismarine_lantern_orange": {
    "criteria": {
      "recipe_condition": "2024-10-27 22:26:33 +0000"
    },
    "done": true
  },
  "additionallanterns:recipes/end_stone_lantern_colorless": {
    "criteria": {
      "recipe_condition": "2024-10-27 22:26:33 +0000"
    },
    "done": true
  },
  "additionallanterns:recipes/normal_nether_bricks_lantern_white": {
    "criteria": {
      "recipe_condition": "2024-10-27 22:26:33 +0000"
    },
    "done": true
  },
  "additionallanterns:recipes/emerald_lantern_purple": {
    "criteria": {
      "recipe_condition": "2024-10-27 22:26:33 +0000"
    },
    "done": true
  },
  "additionallanterns:recipes/andesite_lantern_yellow": {
    "criteria": {
      "recipe_condition": "2024-10-27 22:26:33 +0000"
    },
    "done": true
  },
  "additionallanterns:recipes/stone_lantern_white": {
    "criteria": {
      "recipe_condition": "2024-10-27 22:26:33 +0000"
    },
    "done": true
  },
  "additionallanterns:recipes/bone_lantern_white": {
    "criteria": {
      "recipe_condition": "2024-10-27 22:26:33 +0000"
    },
    "done": true
  },
  "additionallanterns:recipes/diorite_lantern_blue": {
    "criteria": {
      "recipe_condition": "2024-10-27 22:26:33 +0000"
    },
    "done": true
  },
  "additionallanterns:recipes/stone_bricks_lantern_cyan": {
    "criteria": {
      "recipe_condition": "2024-10-27 22:26:33 +0000"
    },
    "done": true
  },
  "additionallanterns:recipes/end_stone_lantern_red": {
    "criteria": {
      "recipe_condition": "2024-10-27 22:26:33 +0000"
    },
    "done": true
  },
  "additionallanterns:recipes/purpur_lantern_lime": {
    "criteria": {
      "recipe_condition": "2024-10-27 22:26:33 +0000"
    },
    "done": true
  },
  "minecraft:recipes/building_blocks/polished_diorite": {
    "criteria": {
      "has_stone": "2024-10-27 22:49:54 +0000"
    },
    "done": true
  },
  "additionallanterns:recipes/end_stone_lantern_magenta": {
    "criteria": {
      "recipe_condition": "2024-10-27 22:26:33 +0000"
    },
    "done": true
  },
  "minecraft:recipes/building_blocks/light_gray_wool": {
    "criteria": {
      "has_white_wool": "2024-10-27 22:47:04 +0000"
    },
    "done": true
  },
  "minecraft:recipes/decorations/red_bed_from_white_bed": {
    "criteria": {
      "has_bed": "2024-10-27 22:47:04 +0000"
    },
    "done": true
  },
  "minecraft:recipes/building_blocks/red_wool": {
    "criteria": {
      "has_white_wool": "2024-10-27 22:47:04 +0000"
    },
    "done": true
  },
  "additionallanterns:recipes/normal_lantern_red": {
    "criteria": {
      "recipe_condition": "2024-10-27 22:26:33 +0000"
    },
    "done": true
  },
  "additionallanterns:recipes/smooth_stone_lantern_black": {
    "criteria": {
      "recipe_condition": "2024-10-27 22:26:33 +0000"
    },
    "done": true
  },
  "minecraft:recipes/tools/stone_axe": {
    "criteria": {
      "has_cobblestone": "2024-10-27 22:43:42 +0000"
    },
    "done": true
  },
  "additionallanterns:recipes/granite_lantern_lime": {
    "criteria": {
      "recipe_condition": "2024-10-27 22:26:33 +0000"
    },
    "done": true
  },
  "additionallanterns:recipes/normal_lantern_blue": {
    "criteria": {
      "recipe_condition": "2024-10-27 22:26:33 +0000"
    },
    "done": true
  },
  "additionallanterns:recipes/smooth_stone_lantern": {
    "criteria": {
      "recipe_condition": "2024-10-27 22:49:33 +0000"
    },
    "done": true
  },
  "additionallanterns:recipes/quartz_lantern_cyan": {
    "criteria": {
      "recipe_condition": "2024-10-27 22:26:33 +0000"
    },
    "done": true
  },
  "additionallanterns:recipes/cobblestone_lantern_orange": {
    "criteria": {
      "recipe_condition": "2024-10-27 22:26:33 +0000"
    },
    "done": true
  },
  "additionallanterns:recipes/iron_lantern_blue": {
    "criteria": {
      "recipe_condition": "2024-10-27 22:26:33 +0000"
    },
    "done": true
  },
  "minecraft:recipes/building_blocks/purple_wool": {
    "criteria": {
      "has_white_wool": "2024-10-27 22:47:04 +0000"
    },
    "done": true
  },
  "minecraft:recipes/building_blocks/magenta_concrete_powder": {
    "criteria": {
      "has_gravel": "2024-10-27 22:49:51 +0000"
    },
    "done": true
  },
  "additionallanterns:recipes/bricks_lantern_light_gray": {
    "criteria": {
      "recipe_condition": "2024-10-27 22:26:33 +0000"
    },
    "done": true
  },
  "additionallanterns:recipes/normal_lantern_purple": {
    "criteria": {
      "recipe_condition": "2024-10-27 22:26:33 +0000"
    },
    "done": true
  },
  "additionallanterns:recipes/mossy_cobblestone_lantern_purple": {
    "criteria": {
      "recipe_condition": "2024-10-27 22:26:33 +0000"
    },
    "done": true
  },
  "minecraft:recipes/building_blocks/oak_wooden_slab": {
    "criteria": {
      "has_planks": "2024-10-27 22:43:19 +0000"
    },
    "done": true
  },
  "minecraft:recipes/decorations/white_bed": {
    "criteria": {
      "has_the_recipe": "2024-10-27 22:47:03 +0000"
    },
    "done": true
  },
  "additionallanterns:recipes/end_stone_lantern_light_blue": {
    "criteria": {
      "recipe_condition": "2024-10-27 22:26:33 +0000"
    },
    "done": true
  },
  "additionallanterns:recipes/purpur_lantern_orange": {
    "criteria": {
      "recipe_condition": "2024-10-27 22:26:33 +0000"
    },
    "done": true
  },
  "additionallanterns:recipes/purpur_lantern_pink": {
    "criteria": {
      "recipe_condition": "2024-10-27 22:26:33 +0000"
    },
    "done": true
  },
  "additionallanterns:recipes/emerald_lantern_brown": {
    "criteria": {
      "recipe_condition": "2024-10-27 22:26:33 +0000"
    },
    "done": true
  },
  "additionallanterns:recipes/granite_lantern_magenta": {
    "criteria": {
      "recipe_condition": "2024-10-27 22:26:33 +0000"
    },
    "done": true
  },
  "additionallanterns:recipes/gold_lantern_light_gray": {
    "criteria": {
      "recipe_condition": "2024-10-27 22:26:33 +0000"
    },
    "done": true
  },
  "additionallanterns:recipes/cobblestone_lantern_black": {
    "criteria": {
      "recipe_condition": "2024-10-27 22:26:33 +0000"
    },
    "done": true
  },
  "minecraft:recipes/redstone/redstone": {
    "criteria": {
      "has_the_recipe": "2024-10-27 23:14:51 +0000"
    },
    "done": true
  },
  "additionallanterns:recipes/normal_sandstone_lantern_purple": {
    "criteria": {
      "recipe_condition": "2024-10-27 22:26:33 +0000"
    },
    "done": true
  },
  "additionallanterns:recipes/bricks_lantern_green": {
    "criteria": {
      "recipe_condition": "2024-10-27 22:26:33 +0000"
    },
    "done": true
  },
  "additionallanterns:recipes/prismarine_lantern_light_gray": {
    "criteria": {
      "recipe_condition": "2024-10-27 22:26:33 +0000"
    },
    "done": true
  },
  "minecraft:recipes/redstone/trapdoor": {
    "criteria": {
      "has_planks": "2024-10-27 22:43:19 +0000"
    },
    "done": true
  },
  "additionallanterns:recipes/normal_nether_bricks_lantern_pink": {
    "criteria": {
      "recipe_condition": "2024-10-27 22:26:33 +0000"
    },
    "done": true
  },
  "additionallanterns:recipes/granite_lantern_green": {
    "criteria": {
      "recipe_condition": "2024-10-27 22:26:33 +0000"
    },
    "done": true
  },
  "minecraft:recipes/misc/iron_nugget": {
    "criteria": {
      "has_iron_ingot": "2024-10-27 22:59:01 +0000"
    },
    "done": true
  },
  "minecraft:recipes/building_blocks/brown_concrete_powder": {
    "criteria": {
      "has_gravel": "2024-10-27 22:49:51 +0000"
    },
    "done": true
  },
  "minecraft:recipes/decorations/black_bed_from_white_bed": {
    "criteria": {
      "has_bed": "2024-10-27 22:47:04 +0000"
    },
    "done": true
  },
  "additionallanterns:recipes/mossy_cobblestone_lantern_green": {
    "criteria": {
      "recipe_condition": "2024-10-27 22:26:33 +0000"
    },
    "done": true
  },
  "additionallanterns:recipes/diamond_lantern_cyan": {
    "criteria": {
      "recipe_condition": "2024-10-27 22:26:33 +0000"
    },
    "done": true
  },
  "additionallanterns:recipes/granite_lantern_white": {
    "criteria": {
      "recipe_condition": "2024-10-27 22:26:33 +0000"
    },
    "done": true
  },
  "additionallanterns:recipes/granite_lantern_yellow": {
    "criteria": {
      "recipe_condition": "2024-10-27 22:26:33 +0000"
    },
    "done": true
  },
  "minecraft:recipes/building_blocks/cyan_wool": {
    "criteria": {
      "has_white_wool": "2024-10-27 22:47:04 +0000"
    },
    "done": true
  },
  "additionallanterns:recipes/prismarine_lantern": {
    "criteria": {
      "recipe_condition": "2024-10-27 22:49:33 +0000"
    },
    "done": true
  },
  "additionallanterns:recipes/normal_sandstone_lantern_orange": {
    "criteria": {
      "recipe_condition": "2024-10-27 22:26:33 +0000"
    },
    "done": true
  },
  "minecraft:recipes/decorations/sign": {
    "criteria": {
      "has_planks": "2024-10-27 22:43:19 +0000"
    },
    "done": true
  },
  "additionallanterns:recipes/prismarine_lantern_red": {
    "criteria": {
      "recipe_condition": "2024-10-27 22:26:33 +0000"
    },
    "done": true
  },
  "additionallanterns:recipes/stone_bricks_lantern_brown": {
    "criteria": {
      "recipe_condition": "2024-10-27 22:26:33 +0000"
    },
    "done": true
  },
  "minecraft:recipes/transportation/spruce_boat": {
    "criteria": {
      "entered_water": "2024-10-27 22:26:51 +0000"
    },
    "done": true
  },
  "additionallanterns:recipes/red_sandstone_lantern_brown": {
    "criteria": {
      "recipe_condition": "2024-10-27 22:26:33 +0000"
    },
    "done": true
  },
  "additionallanterns:recipes/prismarine_lantern_black": {
    "criteria": {
      "recipe_condition": "2024-10-27 22:26:33 +0000"
    },
    "done": true
  },
  "minecraft:recipes/tools/flint_and_steel": {
    "criteria": {
      "has_flint": "2024-10-27 23:33:17 +0000"
    },
    "done": true
  },
  "additionallanterns:recipes/andesite_lantern_gray": {
    "criteria": {
      "recipe_condition": "2024-10-27 22:26:33 +0000"
    },
    "done": true
  },
  "additionallanterns:recipes/diorite_lantern_white": {
    "criteria": {
      "recipe_condition": "2024-10-27 22:26:33 +0000"
    },
    "done": true
  },
  "minecraft:recipes/building_blocks/gray_wool": {
    "criteria": {
      "has_white_wool": "2024-10-27 22:47:04 +0000"
    },
    "done": true
  },
  "additionallanterns:recipes/bone_lantern_black": {
    "criteria": {
      "recipe_condition": "2024-10-27 22:26:33 +0000"
    },
    "done": true
  },
  "additionallanterns:recipes/red_sandstone_lantern_purple": {
    "criteria": {
      "recipe_condition": "2024-10-27 22:26:33 +0000"
    },
    "done": true
  },
  "additionallanterns:recipes/stone_lantern_pink": {
    "criteria": {
      "recipe_condition": "2024-10-27 22:26:33 +0000"
    },
    "done": true
  },
  "minecraft:husbandry/balanced_diet": {
    "criteria": {
      "beef": "2024-10-27 23:41:25 +0000",
      "porkchop": "2024-10-27 22:44:57 +0000",
      "mutton": "2024-10-27 23:44:12 +0000"
    },
    "done": false
  },
  "additionallanterns:recipes/smooth_stone_lantern_gray": {
    "criteria": {
      "recipe_condition": "2024-10-27 22:26:33 +0000"
    },
    "done": true
  },
  "minecraft:recipes/tools/wooden_hoe": {
    "criteria": {
      "has_stick": "2024-10-27 22:43:22 +0000"
    },
    "done": true
  },
  "additionallanterns:recipes/bricks_lantern_lime": {
    "criteria": {
      "recipe_condition": "2024-10-27 22:26:33 +0000"
    },
    "done": true
  },
  "additionallanterns:recipes/diamond_lantern_yellow": {
    "criteria": {
      "recipe_condition": "2024-10-27 22:26:33 +0000"
    },
    "done": true
  },
  "minecraft:recipes/misc/bucket": {
    "criteria": {
      "has_iron_ingot": "2024-10-27 22:59:01 +0000"
    },
    "done": true
  },
  "additionallanterns:recipes/stone_bricks_lantern_pink": {
    "criteria": {
      "recipe_condition": "2024-10-27 22:26:33 +0000"
    },
    "done": true
  },
  "additionallanterns:recipes/stone_bricks_lantern_magenta": {
    "criteria": {
      "recipe_condition": "2024-10-27 22:26:33 +0000"
    },
    "done": true
  },
  "additionallanterns:recipes/cobblestone_lantern_gray": {
    "criteria": {
      "recipe_condition": "2024-10-27 22:26:33 +0000"
    },
    "done": true
  },
  "additionallanterns:recipes/stone_bricks_lantern_light_blue": {
    "criteria": {
      "recipe_condition": "2024-10-27 22:26:33 +0000"
    },
    "done": true
  },
  "additionallanterns:recipes/andesite_lantern_black": {
    "criteria": {
      "recipe_condition": "2024-10-27 22:26:33 +0000"
    },
    "done": true
  },
  "minecraft:recipes/decorations/yellow_bed_from_white_bed": {
    "criteria": {
      "has_bed": "2024-10-27 22:47:04 +0000"
    },
    "done": true
  },
  "additionallanterns:recipes/normal_nether_bricks_lantern": {
    "criteria": {
      "recipe_condition": "2024-10-27 22:49:33 +0000"
    },
    "done": true
  },
  "additionallanterns:recipes/diorite_lantern_orange": {
    "criteria": {
      "recipe_condition": "2024-10-27 22:26:33 +0000"
    },
    "done": true
  },
  "minecraft:recipes/decorations/white_banner": {
    "criteria": {
      "has_white_wool": "2024-10-27 22:47:04 +0000"
    },
    "done": true
  },
  "additionallanterns:recipes/quartz_lantern_black": {
    "criteria": {
      "recipe_condition": "2024-10-27 22:26:33 +0000"
    },
    "done": true
  },
  "additionallanterns:recipes/granite_lantern_blue": {
    "criteria": {
      "recipe_condition": "2024-10-27 22:26:33 +0000"
    },
    "done": true
  },
  "minecraft:recipes/building_blocks/light_blue_concrete_powder": {
    "criteria": {
      "has_gravel": "2024-10-27 22:49:51 +0000"
    },
    "done": true
  },
  "additionallanterns:recipes/purpur_lantern_red": {
    "criteria": {
      "recipe_condition": "2024-10-27 22:26:33 +0000"
    },
    "done": true
  },
  "additionallanterns:recipes/obsidian_lantern_brown": {
    "criteria": {
      "recipe_condition": "2024-10-27 22:26:33 +0000"
    },
    "done": true
  },
  "additionallanterns:recipes/normal_lantern_black": {
    "criteria": {
      "recipe_condition": "2024-10-27 22:26:33 +0000"
    },
    "done": true
  },
  "additionallanterns:recipes/gold_lantern_cyan": {
    "criteria": {
      "recipe_condition": "2024-10-27 22:26:33 +0000"
    },
    "done": true
  },
  "additionallanterns:recipes/diorite_lantern_green": {
    "criteria": {
      "recipe_condition": "2024-10-27 22:26:33 +0000"
    },
    "done": true
  },
  "additionallanterns:recipes/dark_prismarine_lantern_lime": {
    "criteria": {
      "recipe_condition": "2024-10-27 22:26:33 +0000"
    },
    "done": true
  },
  "additionallanterns:recipes/normal_sandstone_lantern_blue": {
    "criteria": {
      "recipe_condition": "2024-10-27 22:26:33 +0000"
    },
    "done": true
  },
  "additionallanterns:recipes/red_nether_bricks_lantern_pink": {
    "criteria": {
      "recipe_condition": "2024-10-27 22:26:33 +0000"
    },
    "done": true
  },
  "additionallanterns:recipes/bone_lantern_purple": {
    "criteria": {
      "recipe_condition": "2024-10-27 22:26:33 +0000"
    },
    "done": true
  },
  "minecraft:recipes/combat/iron_helmet": {
    "criteria": {
      "has_iron_ingot": "2024-10-27 22:59:01 +0000"
    },
    "done": true
  },
  "additionallanterns:recipes/normal_nether_bricks_lantern_orange": {
    "criteria": {
      "recipe_condition": "2024-10-27 22:26:33 +0000"
    },
    "done": true
  },
  "additionallanterns:recipes/red_nether_bricks_lantern": {
    "criteria": {
      "recipe_condition": "2024-10-27 22:49:33 +0000"
    },
    "done": true
  },
  "additionallanterns:recipes/red_sandstone_lantern_light_blue": {
    "criteria": {
      "recipe_condition": "2024-10-27 22:26:33 +0000"
    },
    "done": true
  },
  "additionallanterns:recipes/end_stone_lantern_yellow": {
    "criteria": {
      "recipe_condition": "2024-10-27 22:26:33 +0000"
    },
    "done": true
  },
  "minecraft:recipes/combat/bow": {
    "criteria": {
      "has_string": "2024-10-27 22:33:30 +0000"
    },
    "done": true
  },
  "additionallanterns:recipes/bricks_lantern_colorless": {
    "criteria": {
      "recipe_condition": "2024-10-27 22:26:33 +0000"
    },
    "done": true
  },
  "minecraft:recipes/building_blocks/purple_concrete_powder": {
    "criteria": {
      "has_gravel": "2024-10-27 22:49:51 +0000"
    },
    "done": true
  },
  "minecraft:recipes/decorations/orange_bed_from_white_bed": {
    "criteria": {
      "has_bed": "2024-10-27 22:47:04 +0000"
    },
    "done": true
  },
  "additionallanterns:recipes/smooth_stone_lantern_cyan": {
    "criteria": {
      "recipe_condition": "2024-10-27 22:26:33 +0000"
    },
    "done": true
  },
  "minecraft:story/mine_stone": {
    "criteria": {
      "get_stone": "2024-10-27 22:43:42 +0000"
    },
    "done": true
  },
  "minecraft:recipes/decorations/furnace": {
    "criteria": {
      "has_cobblestone": "2024-10-27 22:43:42 +0000"
    },
    "done": true
  },
  "minecraft:recipes/transportation/minecart": {
    "criteria": {
      "has_iron_ingot": "2024-10-27 22:59:01 +0000"
    },
    "done": true
  },
  "additionallanterns:recipes/cobblestone_lantern_light_gray": {
    "criteria": {
      "recipe_condition": "2024-10-27 22:26:33 +0000"
    },
    "done": true
  },
  "additionallanterns:recipes/red_sandstone_lantern_colorless": {
    "criteria": {
      "recipe_condition": "2024-10-27 22:26:33 +0000"
    },
    "done": true
  },
  "additionallanterns:recipes/mossy_cobblestone_lantern_orange": {
    "criteria": {
      "recipe_condition": "2024-10-27 22:26:33 +0000"
    },
    "done": true
  },
  "additionallanterns:recipes/end_stone_lantern_blue": {
    "criteria": {
      "recipe_condition": "2024-10-27 22:26:33 +0000"
    },
    "done": true
  },
  "additionallanterns:recipes/andesite_lantern_light_gray": {
    "criteria": {
      "recipe_condition": "2024-10-27 22:26:33 +0000"
    },
    "done": true
  },
  "additionallanterns:recipes/mossy_cobblestone_lantern_pink": {
    "criteria": {
      "recipe_condition": "2024-10-27 22:26:33 +0000"
    },
    "done": true
  },
  "minecraft:recipes/building_blocks/orange_wool": {
    "criteria": {
      "has_white_wool": "2024-10-27 22:47:04 +0000"
    },
    "done": true
  },
  "additionallanterns:recipes/normal_sandstone_lantern_magenta": {
    "criteria": {
      "recipe_condition": "2024-10-27 22:26:33 +0000"
    },
    "done": true
  },
  "minecraft:recipes/tools/wooden_pickaxe": {
    "criteria": {
      "has_stick": "2024-10-27 22:43:22 +0000"
    },
    "done": true
  },
  "minecraft:recipes/tools/iron_hoe": {
    "criteria": {
      "has_iron_ingot": "2024-10-27 22:59:01 +0000"
    },
    "done": true
  },
  "minecraft:husbandry/root": {
    "criteria": {
      "consumed_item": "2024-10-27 22:44:57 +0000"
    },
    "done": true
  },
  "minecraft:recipes/redstone/redstone_torch": {
    "criteria": {
      "has_redstone": "2024-10-27 23:14:50 +0000"
    },
    "done": true
  },
  "additionallanterns:recipes/dark_prismarine_lantern_brown": {
    "criteria": {
      "recipe_condition": "2024-10-27 22:26:33 +0000"
    },
    "done": true
  },
  "additionallanterns:recipes/bricks_lantern_purple": {
    "criteria": {
      "recipe_condition": "2024-10-27 22:26:33 +0000"
    },
    "done": true
  },
  "minecraft:recipes/transportation/birch_boat": {
    "criteria": {
      "entered_water": "2024-10-27 22:26:51 +0000"
    },
    "done": true
  },
  "additionallanterns:recipes/diorite_lantern_cyan": {
    "criteria": {
      "recipe_condition": "2024-10-27 22:26:33 +0000"
    },
    "done": true
  },
  "minecraft:recipes/building_blocks/green_concrete_powder": {
    "criteria": {
      "has_gravel": "2024-10-27 22:49:51 +0000"
    },
    "done": true
  },
  "additionallanterns:recipes/mossy_cobblestone_lantern_white": {
    "criteria": {
      "recipe_condition": "2024-10-27 22:26:33 +0000"
    },
    "done": true
  },
  "minecraft:recipes/misc/light_gray_dye_from_ink_bonemeal": {
    "criteria": {
      "has_bonemeal": "2024-10-27 23:23:09 +0000"
    },
    "done": true
  },
  "minecraft:recipes/tools/iron_shovel": {
    "criteria": {
      "has_iron_ingot": "2024-10-27 22:59:01 +0000"
    },
    "done": true
  },
  "additionallanterns:recipes/bricks_lantern_white": {
    "criteria": {
      "recipe_condition": "2024-10-27 22:26:33 +0000"
    },
    "done": true
  },
  "additionallanterns:recipes/red_sandstone_lantern_pink": {
    "criteria": {
      "recipe_condition": "2024-10-27 22:26:33 +0000"
    },
    "done": true
  },
  "minecraft:recipes/decorations/cyan_bed_from_white_bed": {
    "criteria": {
      "has_bed": "2024-10-27 22:47:04 +0000"
    },
    "done": true
  },
  "additionallanterns:recipes/andesite_lantern_purple": {
    "criteria": {
      "recipe_condition": "2024-10-27 22:26:33 +0000"
    },
    "done": true
  },
  "additionallanterns:recipes/smooth_stone_lantern_green": {
    "criteria": {
      "recipe_condition": "2024-10-27 22:26:33 +0000"
    },
    "done": true
  },
  "additionallanterns:recipes/normal_lantern_light_blue": {
    "criteria": {
      "recipe_condition": "2024-10-27 22:26:33 +0000"
    },
    "done": true
  },
  "additionallanterns:recipes/quartz_lantern_gray": {
    "criteria": {
      "recipe_condition": "2024-10-27 22:26:33 +0000"
    },
    "done": true
  },
  "additionallanterns:recipes/bone_lantern_pink": {
    "criteria": {
      "recipe_condition": "2024-10-27 22:26:33 +0000"
    },
    "done": true
  },
  "additionallanterns:recipes/purpur_lantern_green": {
    "criteria": {
      "recipe_condition": "2024-10-27 22:26:33 +0000"
    },
    "done": true
  },
  "additionallanterns:recipes/emerald_lantern_red": {
    "criteria": {
      "recipe_condition": "2024-10-27 22:26:33 +0000"
    },
    "done": true
  },
  "minecraft:recipes/decorations/lime_bed_from_white_bed": {
    "criteria": {
      "has_bed": "2024-10-27 22:47:04 +0000"
    },
    "done": true
  },
  "minecraft:recipes/tools/stone_hoe": {
    "criteria": {
      "has_cobblestone": "2024-10-27 22:43:42 +0000"
    },
    "done": true
  },
  "minecraft:recipes/tools/clock": {
    "criteria": {
      "has_redstone": "2024-10-27 23:14:50 +0000"
    },
    "done": true
  },
  "minecraft:recipes/decorations/spruce_fence": {
    "criteria": {
      "has_planks": "2024-10-27 23:18:22 +0000"
    },
    "done": true
  },
  "additionallanterns:recipes/prismarine_lantern_colorless": {
    "criteria": {
      "recipe_condition": "2024-10-27 22:26:33 +0000"
    },
    "done": true
  },
  "additionallanterns:recipes/diorite_lantern_light_gray": {
    "criteria": {
      "recipe_condition": "2024-10-27 22:26:33 +0000"
    },
    "done": true
  },
  "minecraft:recipes/decorations/green_bed_from_white_bed": {
    "criteria": {
      "has_bed": "2024-10-27 22:47:04 +0000"
    },
    "done": true
  },
  "additionallanterns:recipes/end_stone_lantern_brown": {
    "criteria": {
      "recipe_condition": "2024-10-27 22:26:33 +0000"
    },
    "done": true
  },
  "additionallanterns:recipes/obsidian_lantern_pink": {
    "criteria": {
      "recipe_condition": "2024-10-27 22:26:33 +0000"
    },
    "done": true
  },
  "additionallanterns:recipes/normal_lantern_pink": {
    "criteria": {
      "recipe_condition": "2024-10-27 22:26:33 +0000"
    },
    "done": true
  },
  "additionallanterns:recipes/prismarine_lantern_yellow": {
    "criteria": {
      "recipe_condition": "2024-10-27 22:26:33 +0000"
    },
    "done": true
  },
  "additionallanterns:recipes/granite_lantern_red": {
    "criteria": {
      "recipe_condition": "2024-10-27 22:26:33 +0000"
    },
    "done": true
  },
  "additionallanterns:recipes/diorite_lantern_purple": {
    "criteria": {
      "recipe_condition": "2024-10-27 22:26:33 +0000"
    },
    "done": true
  },
  "additionallanterns:recipes/normal_nether_bricks_lantern_gray": {
    "criteria": {
      "recipe_condition": "2024-10-27 22:26:33 +0000"
    },
    "done": true
  },
  "additionallanterns:recipes/mossy_cobblestone_lantern_colorless": {
    "criteria": {
      "recipe_condition": "2024-10-27 22:26:33 +0000"
    },
    "done": true
  },
  "minecraft:recipes/decorations/white_carpet": {
    "criteria": {
      "has_white_wool": "2024-10-27 22:47:04 +0000"
    },
    "done": true
  },
  "minecraft:recipes/building_blocks/spruce_stairs": {
    "criteria": {
      "has_planks": "2024-10-27 23:18:22 +0000"
    },
    "done": true
  },
  "additionallanterns:recipes/normal_sandstone_lantern_light_blue": {
    "criteria": {
      "recipe_condition": "2024-10-27 22:26:33 +0000"
    },
    "done": true
  },
  "additionallanterns:recipes/emerald_lantern_blue": {
    "criteria": {
      "recipe_condition": "2024-10-27 22:26:33 +0000"
    },
    "done": true
  },
  "additionallanterns:recipes/normal_sandstone_lantern": {
    "criteria": {
      "recipe_condition": "2024-10-27 22:49:33 +0000"
    },
    "done": true
  },
  "additionallanterns:recipes/normal_sandstone_lantern_green": {
    "criteria": {
      "recipe_condition": "2024-10-27 22:26:33 +0000"
    },
    "done": true
  },
  "additionallanterns:recipes/iron_lantern_brown": {
    "criteria": {
      "recipe_condition": "2024-10-27 22:26:33 +0000"
    },
    "done": true
  },
  "additionallanterns:recipes/bricks_lantern_cyan": {
    "criteria": {
      "recipe_condition": "2024-10-27 22:26:33 +0000"
    },
    "done": true
  },
  "minecraft:story/upgrade_tools": {
    "criteria": {
      "stone_pickaxe": "2024-10-27 22:44:12 +0000"
    },
    "done": true
  },
  "additionallanterns:recipes/smooth_stone_lantern_purple": {
    "criteria": {
      "recipe_condition": "2024-10-27 22:26:33 +0000"
    },
    "done": true
  },
  "additionallanterns:recipes/obsidian_lantern_colorless": {
    "criteria": {
      "recipe_condition": "2024-10-27 22:26:33 +0000"
    },
    "done": true
  },
  "minecraft:recipes/decorations/blue_bed_from_white_bed": {
    "criteria": {
      "has_bed": "2024-10-27 22:47:04 +0000"
    },
    "done": true
  },
  "additionallanterns:recipes/diamond_lantern_lime": {
    "criteria": {
      "recipe_condition": "2024-10-27 22:26:33 +0000"
    },
    "done": true
  },
  "additionallanterns:recipes/normal_sandstone_lantern_white": {
    "criteria": {
      "recipe_condition": "2024-10-27 22:26:33 +0000"
    },
    "done": true
  },
  "additionallanterns:recipes/obsidian_lantern_yellow": {
    "criteria": {
      "recipe_condition": "2024-10-27 22:26:33 +0000"
    },
    "done": true
  },
  "minecraft:recipes/building_blocks/cyan_concrete_powder": {
    "criteria": {
      "has_gravel": "2024-10-27 22:49:51 +0000"
    },
    "done": true
  },
  "additionallanterns:recipes/gold_lantern_yellow": {
    "criteria": {
      "recipe_condition": "2024-10-27 22:26:33 +0000"
    },
    "done": true
  },
  "additionallanterns:recipes/normal_sandstone_lantern_lime": {
    "criteria": {
      "recipe_condition": "2024-10-27 22:26:33 +0000"
    },
    "done": true
  },
  "additionallanterns:recipes/dark_prismarine_lantern_blue": {
    "criteria": {
      "recipe_condition": "2024-10-27 22:26:33 +0000"
    },
    "done": true
  },
  "additionallanterns:recipes/stone_bricks_lantern_orange": {
    "criteria": {
      "recipe_condition": "2024-10-27 22:26:33 +0000"
    },
    "done": true
  },
  "additionallanterns:recipes/prismarine_lantern_lime": {
    "criteria": {
      "recipe_condition": "2024-10-27 22:26:33 +0000"
    },
    "done": true
  },
  "additionallanterns:recipes/normal_lantern": {
    "criteria": {
      "recipe_condition": "2024-10-27 22:49:33 +0000"
    },
    "done": true
  },
  "minecraft:recipes/tools/wooden_axe": {
    "criteria": {
      "has_stick": "2024-10-27 22:43:22 +0000"
    },
    "done": true
  },
  "additionallanterns:recipes/stone_lantern_yellow": {
    "criteria": {
      "recipe_condition": "2024-10-27 22:26:33 +0000"
    },
    "done": true
  },
  "additionallanterns:recipes/normal_nether_bricks_lantern_red": {
    "criteria": {
      "recipe_condition": "2024-10-27 22:26:33 +0000"
    },
    "done": true
  },
  "minecraft:recipes/building_blocks/lime_wool": {
    "criteria": {
      "has_white_wool": "2024-10-27 22:47:04 +0000"
    },
    "done": true
  },
  "additionallanterns:recipes/purpur_lantern_white": {
    "criteria": {
      "recipe_condition": "2024-10-27 22:26:33 +0000"
    },
    "done": true
  },
  "additionallanterns:recipes/granite_lantern_light_blue": {
    "criteria": {
      "recipe_condition": "2024-10-27 22:26:33 +0000"
    },
    "done": true
  },
  "additionallanterns:recipes/diorite_lantern_pink": {
    "criteria": {
      "recipe_condition": "2024-10-27 22:26:33 +0000"
    },
    "done": true
  },
  "additionallanterns:recipes/quartz_lantern_white": {
    "criteria": {
      "recipe_condition": "2024-10-27 22:26:33 +0000"
    },
    "done": true
  },
  "minecraft:recipes/misc/magenta_dye_from_lapis_ink_bonemeal": {
    "criteria": {
      "has_bonemeal": "2024-10-27 23:23:09 +0000"
    },
    "done": true
  },
  "additionallanterns:recipes/cobblestone_lantern_white": {
    "criteria": {
      "recipe_condition": "2024-10-27 22:26:33 +0000"
    },
    "done": true
  },
  "minecraft:recipes/building_blocks/green_wool": {
    "criteria": {
      "has_white_wool": "2024-10-27 22:47:04 +0000"
    },
    "done": true
  },
  "minecraft:recipes/misc/light_blue_dye_from_lapis_bonemeal": {
    "criteria": {
      "has_bonemeal": "2024-10-27 23:23:09 +0000"
    },
    "done": true
  },
  "additionallanterns:recipes/bricks_lantern_red": {
    "criteria": {
      "recipe_condition": "2024-10-27 22:26:33 +0000"
    },
    "done": true
  },
  "additionallanterns:recipes/granite_lantern_pink": {
    "criteria": {
      "recipe_condition": "2024-10-27 22:26:33 +0000"
    },
    "done": true
  },
  "additionallanterns:recipes/normal_sandstone_lantern_pink": {
    "criteria": {
      "recipe_condition": "2024-10-27 22:26:33 +0000"
    },
    "done": true
  },
  "additionallanterns:recipes/normal_nether_bricks_lantern_green": {
    "criteria": {
      "recipe_condition": "2024-10-27 22:26:33 +0000"
    },
    "done": true
  },
  "minecraft:recipes/building_blocks/brown_wool": {
    "criteria": {
      "has_white_wool": "2024-10-27 22:47:04 +0000"
    },
    "done": true
  },
  "additionallanterns:recipes/smooth_stone_lantern_brown": {
    "criteria": {
      "recipe_condition": "2024-10-27 22:26:33 +0000"
    },
    "done": true
  },
  "additionallanterns:recipes/normal_lantern_cyan": {
    "criteria": {
      "recipe_condition": "2024-10-27 22:26:33 +0000"
    },
    "done": true
  },
  "additionallanterns:recipes/gold_lantern_lime": {
    "criteria": {
      "recipe_condition": "2024-10-27 22:26:33 +0000"
    },
    "done": true
  },
  "additionallanterns:recipes/stone_lantern_light_gray": {
    "criteria": {
      "recipe_condition": "2024-10-27 22:26:33 +0000"
    },
    "done": true
  },
  "additionallanterns:recipes/andesite_lantern_orange": {
    "criteria": {
      "recipe_condition": "2024-10-27 22:26:33 +0000"
    },
    "done": true
  },
  "additionallanterns:recipes/quartz_lantern_brown": {
    "criteria": {
      "recipe_condition": "2024-10-27 22:26:33 +0000"
    },
    "done": true
  },
  "additionallanterns:recipes/smooth_stone_lantern_lime": {
    "criteria": {
      "recipe_condition": "2024-10-27 22:26:33 +0000"
    },
    "done": true
  },
  "additionallanterns:recipes/quartz_lantern_light_gray": {
    "criteria": {
      "recipe_condition": "2024-10-27 22:26:33 +0000"
    },
    "done": true
  },
  "additionallanterns:recipes/purpur_lantern": {
    "criteria": {
      "recipe_condition": "2024-10-27 22:49:33 +0000"
    },
    "done": true
  },
  "additionallanterns:recipes/bricks_lantern_blue": {
    "criteria": {
      "recipe_condition": "2024-10-27 22:26:33 +0000"
    },
    "done": true
  },
  "additionallanterns:recipes/red_nether_bricks_lantern_magenta": {
    "criteria": {
      "recipe_condition": "2024-10-27 22:26:33 +0000"
    },
    "done": true
  },
  "additionallanterns:recipes/dark_prismarine_lantern_orange": {
    "criteria": {
      "recipe_condition": "2024-10-27 22:26:33 +0000"
    },
    "done": true
  },
  "additionallanterns:recipes/end_stone_lantern_lime": {
    "criteria": {
      "recipe_condition": "2024-10-27 22:26:33 +0000"
    },
    "done": true
  },
  "additionallanterns:recipes/stone_lantern_orange": {
    "criteria": {
      "recipe_condition": "2024-10-27 22:26:33 +0000"
    },
    "done": true
  },
  "minecraft:recipes/decorations/painting": {
    "criteria": {
      "has_wool": "2024-10-27 22:47:04 +0000"
    },
    "done": true
  },
  "additionallanterns:recipes/quartz_lantern_purple": {
    "criteria": {
      "recipe_condition": "2024-10-27 22:26:33 +0000"
    },
    "done": true
  },
  "additionallanterns:recipes/red_nether_bricks_lantern_yellow": {
    "criteria": {
      "recipe_condition": "2024-10-27 22:26:33 +0000"
    },
    "done": true
  },
  "additionallanterns:recipes/smooth_stone_lantern_white": {
    "criteria": {
      "recipe_condition": "2024-10-27 22:26:33 +0000"
    },
    "done": true
  },
  "narutomodaddon:init": {
    "criteria": {
      "ninjutsuinit": "2024-10-27 22:26:33 +0000"
    },
    "done": true
  },
  "additionallanterns:recipes/dark_prismarine_lantern_magenta": {
    "criteria": {
      "recipe_condition": "2024-10-27 22:26:33 +0000"
    },
    "done": true
  },
  "additionallanterns:recipes/dark_prismarine_lantern_cyan": {
    "criteria": {
      "recipe_condition": "2024-10-27 22:26:33 +0000"
    },
    "done": true
  },
  "additionallanterns:recipes/andesite_lantern_red": {
    "criteria": {
      "recipe_condition": "2024-10-27 22:26:33 +0000"
    },
    "done": true
  },
  "minecraft:recipes/decorations/black_carpet": {
    "criteria": {
      "has_black_wool": "2024-10-27 23:25:51 +0000"
    },
    "done": true
  },
  "minecraft:recipes/combat/arrow": {
    "criteria": {
      "has_flint": "2024-10-27 23:33:17 +0000"
    },
    "done": true
  },
  "additionallanterns:recipes/dark_prismarine_lantern_red": {
    "criteria": {
      "recipe_condition": "2024-10-27 22:26:33 +0000"
    },
    "done": true
  },
  "minecraft:recipes/building_blocks/coal_block": {
    "criteria": {
      "has_at_least_9_coal": "2024-10-27 22:52:23 +0000"
    },
    "done": true
  },
  "additionallanterns:recipes/stone_bricks_lantern_blue": {
    "criteria": {
      "recipe_condition": "2024-10-27 22:26:33 +0000"
    },
    "done": true
  },
  "additionallanterns:recipes/emerald_lantern_colorless": {
    "criteria": {
      "recipe_condition": "2024-10-27 22:26:33 +0000"
    },
    "done": true
  },
  "additionallanterns:recipes/iron_lantern_pink": {
    "criteria": {
      "recipe_condition": "2024-10-27 22:26:33 +0000"
    },
    "done": true
  },
  "additionallanterns:recipes/iron_lantern_red": {
    "criteria": {
      "recipe_condition": "2024-10-27 22:26:33 +0000"
    },
    "done": true
  },
  "minecraft:recipes/tools/stone_shovel": {
    "criteria": {
      "has_cobblestone": "2024-10-27 22:43:42 +0000"
    },
    "done": true
  },
  "additionallanterns:recipes/prismarine_lantern_white": {
    "criteria": {
      "recipe_condition": "2024-10-27 22:26:33 +0000"
    },
    "done": true
  },
  "minecraft:recipes/building_blocks/blue_concrete_powder": {
    "criteria": {
      "has_gravel": "2024-10-27 22:49:51 +0000"
    },
    "done": true
  },
  "additionallanterns:recipes/stone_lantern_blue": {
    "criteria": {
      "recipe_condition": "2024-10-27 22:26:33 +0000"
    },
    "done": true
  },
  "additionallanterns:recipes/stone_lantern_purple": {
    "criteria": {
      "recipe_condition": "2024-10-27 22:26:33 +0000"
    },
    "done": true
  },
  "additionallanterns:recipes/stone_lantern_black": {
    "criteria": {
      "recipe_condition": "2024-10-27 22:26:33 +0000"
    },
    "done": true
  },
  "additionallanterns:recipes/purpur_lantern_brown": {
    "criteria": {
      "recipe_condition": "2024-10-27 22:26:33 +0000"
    },
    "done": true
  },
  "additionallanterns:recipes/dark_prismarine_lantern_yellow": {
    "criteria": {
      "recipe_condition": "2024-10-27 22:26:33 +0000"
    },
    "done": true
  },
  "additionallanterns:recipes/stone_lantern": {
    "criteria": {
      "recipe_condition": "2024-10-27 22:49:33 +0000"
    },
    "done": true
  },
  "additionallanterns:recipes/cobblestone_lantern_pink": {
    "criteria": {
      "recipe_condition": "2024-10-27 22:26:33 +0000"
    },
    "done": true
  },
  "additionallanterns:recipes/bone_lantern_light_gray": {
    "criteria": {
      "recipe_condition": "2024-10-27 22:26:33 +0000"
    },
    "done": true
  },
  "additionallanterns:recipes/red_nether_bricks_lantern_brown": {
    "criteria": {
      "recipe_condition": "2024-10-27 22:26:33 +0000"
    },
    "done": true
  },
  "additionallanterns:recipes/andesite_lantern_pink": {
    "criteria": {
      "recipe_condition": "2024-10-27 22:26:33 +0000"
    },
    "done": true
  },
  "minecraft:recipes/building_blocks/andesite": {
    "criteria": {
      "has_stone": "2024-10-27 22:49:54 +0000"
    },
    "done": true
  },
  "additionallanterns:recipes/cobblestone_lantern_magenta": {
    "criteria": {
      "recipe_condition": "2024-10-27 22:26:33 +0000"
    },
    "done": true
  },
  "additionallanterns:recipes/bricks_lantern_yellow": {
    "criteria": {
      "recipe_condition": "2024-10-27 22:26:33 +0000"
    },
    "done": true
  },
  "additionallanterns:recipes/cobblestone_lantern_brown": {
    "criteria": {
      "recipe_condition": "2024-10-27 22:26:33 +0000"
    },
    "done": true
  },
  "additionallanterns:recipes/red_nether_bricks_lantern_blue": {
    "criteria": {
      "recipe_condition": "2024-10-27 22:26:33 +0000"
    },
    "done": true
  },
  "additionallanterns:recipes/normal_lantern_colorless": {
    "criteria": {
      "recipe_condition": "2024-10-27 22:26:33 +0000"
    },
    "done": true
  },
  "additionallanterns:recipes/diamond_lantern_blue": {
    "criteria": {
      "recipe_condition": "2024-10-27 22:26:33 +0000"
    },
    "done": true
  },
  "additionallanterns:recipes/stone_bricks_lantern_purple": {
    "criteria": {
      "recipe_condition": "2024-10-27 22:26:33 +0000"
    },
    "done": true
  },
  "additionallanterns:recipes/diamond_lantern_green": {
    "criteria": {
      "recipe_condition": "2024-10-27 22:26:33 +0000"
    },
    "done": true
  },
  "additionallanterns:recipes/purpur_lantern_light_gray": {
    "criteria": {
      "recipe_condition": "2024-10-27 22:26:33 +0000"
    },
    "done": true
  },
  "minecraft:story/root": {
    "criteria": {
      "crafting_table": "2024-10-27 22:43:22 +0000"
    },
    "done": true
  },
  "minecraft:recipes/redstone/dropper": {
    "criteria": {
      "has_redstone": "2024-10-27 23:14:50 +0000"
    },
    "done": true
  },
  "additionallanterns:recipes/obsidian_lantern_lime": {
    "criteria": {
      "recipe_condition": "2024-10-27 22:26:33 +0000"
    },
    "done": true
  },
  "additionallanterns:recipes/emerald_lantern_green": {
    "criteria": {
      "recipe_condition": "2024-10-27 22:26:33 +0000"
    },
    "done": true
  },
  "minecraft:recipes/misc/coal": {
    "criteria": {
      "has_the_recipe": "2024-10-27 22:52:23 +0000"
    },
    "done": true
  },
  "additionallanterns:recipes/diorite_lantern_red": {
    "criteria": {
      "recipe_condition": "2024-10-27 22:26:33 +0000"
    },
    "done": true
  },
  "additionallanterns:recipes/red_sandstone_lantern_black": {
    "criteria": {
      "recipe_condition": "2024-10-27 22:26:33 +0000"
    },
    "done": true
  },
  "additionallanterns:recipes/smooth_stone_lantern_orange": {
    "criteria": {
      "recipe_condition": "2024-10-27 22:26:33 +0000"
    },
    "done": true
  },
  "additionallanterns:recipes/mossy_cobblestone_lantern_light_gray": {
    "criteria": {
      "recipe_condition": "2024-10-27 22:26:33 +0000"
    },
    "done": true
  },
  "additionallanterns:recipes/iron_lantern": {
    "criteria": {
      "recipe_condition": "2024-10-27 22:49:33 +0000"
    },
    "done": true
  },
  "additionallanterns:recipes/purpur_lantern_gray": {
    "criteria": {
      "recipe_condition": "2024-10-27 22:26:33 +0000"
    },
    "done": true
  },
  "additionallanterns:recipes/stone_lantern_colorless": {
    "criteria": {
      "recipe_condition": "2024-10-27 22:26:33 +0000"
    },
    "done": true
  },
  "additionallanterns:recipes/diamond_lantern_light_blue": {
    "criteria": {
      "recipe_condition": "2024-10-27 22:26:33 +0000"
    },
    "done": true
  },
  "minecraft:recipes/building_blocks/string_to_wool": {
    "criteria": {
      "has_string": "2024-10-27 22:33:30 +0000"
    },
    "done": true
  },
  "additionallanterns:recipes/end_stone_lantern_black": {
    "criteria": {
      "recipe_condition": "2024-10-27 22:26:33 +0000"
    },
    "done": true
  },
  "additionallanterns:recipes/smooth_stone_lantern_light_gray": {
    "criteria": {
      "recipe_condition": "2024-10-27 22:26:33 +0000"
    },
    "done": true
  },
  "minecraft:recipes/tools/compass": {
    "criteria": {
      "has_redstone": "2024-10-27 23:14:50 +0000"
    },
    "done": true
  },
  "additionallanterns:recipes/gold_lantern_white": {
    "criteria": {
      "recipe_condition": "2024-10-27 22:26:33 +0000"
    },
    "done": true
  },
  "additionallanterns:recipes/iron_lantern_yellow": {
    "criteria": {
      "recipe_condition": "2024-10-27 22:26:33 +0000"
    },
    "done": true
  },
  "additionallanterns:recipes/red_nether_bricks_lantern_light_gray": {
    "criteria": {
      "recipe_condition": "2024-10-27 22:26:33 +0000"
    },
    "done": true
  },
  "additionallanterns:recipes/bone_lantern_green": {
    "criteria": {
      "recipe_condition": "2024-10-27 22:26:33 +0000"
    },
    "done": true
  },
  "additionallanterns:recipes/quartz_lantern_magenta": {
    "criteria": {
      "recipe_condition": "2024-10-27 22:26:33 +0000"
    },
    "done": true
  },
  "additionallanterns:recipes/obsidian_lantern_light_gray": {
    "criteria": {
      "recipe_condition": "2024-10-27 22:26:33 +0000"
    },
    "done": true
  },
  "additionallanterns:recipes/iron_lantern_black": {
    "criteria": {
      "recipe_condition": "2024-10-27 22:26:33 +0000"
    },
    "done": true
  },
  "additionallanterns:recipes/quartz_lantern_pink": {
    "criteria": {
      "recipe_condition": "2024-10-27 22:26:33 +0000"
    },
    "done": true
  },
  "additionallanterns:recipes/bone_lantern_gray": {
    "criteria": {
      "recipe_condition": "2024-10-27 22:26:33 +0000"
    },
    "done": true
  },
  "minecraft:recipes/building_blocks/polished_andesite": {
    "criteria": {
      "has_stone": "2024-10-27 23:00:12 +0000"
    },
    "done": true
  },
  "additionallanterns:recipes/mossy_cobblestone_lantern_blue": {
    "criteria": {
      "recipe_condition": "2024-10-27 22:26:33 +0000"
    },
    "done": true
  },
  "additionallanterns:recipes/dark_prismarine_lantern_purple": {
    "criteria": {
      "recipe_condition": "2024-10-27 22:26:33 +0000"
    },
    "done": true
  },
  "additionallanterns:recipes/red_sandstone_lantern_gray": {
    "criteria": {
      "recipe_condition": "2024-10-27 22:26:33 +0000"
    },
    "done": true
  },
  "additionallanterns:recipes/quartz_lantern_orange": {
    "criteria": {
      "recipe_condition": "2024-10-27 22:26:33 +0000"
    },
    "done": true
  },
  "additionallanterns:recipes/normal_lantern_orange": {
    "criteria": {
      "recipe_condition": "2024-10-27 22:26:33 +0000"
    },
    "done": true
  },
  "additionallanterns:recipes/mossy_cobblestone_lantern": {
    "criteria": {
      "recipe_condition": "2024-10-27 22:49:33 +0000"
    },
    "done": true
  },
  "minecraft:recipes/redstone/iron_door": {
    "criteria": {
      "has_iron_ingot": "2024-10-27 22:59:01 +0000"
    },
    "done": true
  },
  "additionallanterns:recipes/normal_nether_bricks_lantern_cyan": {
    "criteria": {
      "recipe_condition": "2024-10-27 22:26:33 +0000"
    },
    "done": true
  },
  "additionallanterns:recipes/additionallanterns/normal_chain": {
    "criteria": {
      "recipe_condition": "2024-10-27 22:59:01 +0000"
    },
    "done": true
  },
  "additionallanterns:recipes/normal_sandstone_lantern_black": {
    "criteria": {
      "recipe_condition": "2024-10-27 22:26:33 +0000"
    },
    "done": true
  },
  "additionallanterns:recipes/stone_bricks_lantern_red": {
    "criteria": {
      "recipe_condition": "2024-10-27 22:26:33 +0000"
    },
    "done": true
  },
  "additionallanterns:recipes/cobblestone_lantern_purple": {
    "criteria": {
      "recipe_condition": "2024-10-27 22:26:33 +0000"
    },
    "done": true
  },
  "additionallanterns:recipes/diamond_lantern_red": {
    "criteria": {
      "recipe_condition": "2024-10-27 22:26:33 +0000"
    },
    "done": true
  },
  "additionallanterns:recipes/prismarine_lantern_magenta": {
    "criteria": {
      "recipe_condition": "2024-10-27 22:26:33 +0000"
    },
    "done": true
  },
  "additionallanterns:recipes/stone_bricks_lantern_white": {
    "criteria": {
      "recipe_condition": "2024-10-27 22:26:33 +0000"
    },
    "done": true
  },
  "additionallanterns:recipes/emerald_lantern_light_gray": {
    "criteria": {
      "recipe_condition": "2024-10-27 22:26:33 +0000"
    },
    "done": true
  },
  "additionallanterns:recipes/gold_lantern_purple": {
    "criteria": {
      "recipe_condition": "2024-10-27 22:26:33 +0000"
    },
    "done": true
  },
  "additionallanterns:recipes/iron_lantern_light_gray": {
    "criteria": {
      "recipe_condition": "2024-10-27 22:26:33 +0000"
    },
    "done": true
  },
  "additionallanterns:recipes/normal_lantern_magenta": {
    "criteria": {
      "recipe_condition": "2024-10-27 22:26:33 +0000"
    },
    "done": true
  },
  "additionallanterns:recipes/prismarine_lantern_blue": {
    "criteria": {
      "recipe_condition": "2024-10-27 22:26:33 +0000"
    },
    "done": true
  },
  "minecraft:recipes/transportation/jungle_boat": {
    "criteria": {
      "entered_water": "2024-10-27 22:26:51 +0000"
    },
    "done": true
  },
  "additionallanterns:recipes/dark_prismarine_lantern_colorless": {
    "criteria": {
      "recipe_condition": "2024-10-27 22:26:33 +0000"
    },
    "done": true
  },
  "additionallanterns:recipes/gold_lantern_blue": {
    "criteria": {
      "recipe_condition": "2024-10-27 22:26:33 +0000"
    },
    "done": true
  },
  "additionallanterns:recipes/red_nether_bricks_lantern_white": {
    "criteria": {
      "recipe_condition": "2024-10-27 22:26:33 +0000"
    },
    "done": true
  },
  "additionallanterns:recipes/gold_lantern_brown": {
    "criteria": {
      "recipe_condition": "2024-10-27 22:26:33 +0000"
    },
    "done": true
  },
  "additionallanterns:recipes/bone_lantern_orange": {
    "criteria": {
      "recipe_condition": "2024-10-27 22:26:33 +0000"
    },
    "done": true
  },
  "minecraft:recipes/redstone/heavy_weighted_pressure_plate": {
    "criteria": {
      "has_iron_ingot": "2024-10-27 22:59:01 +0000"
    },
    "done": true
  },
  "minecraft:recipes/transportation/dark_oak_boat": {
    "criteria": {
      "entered_water": "2024-10-27 22:26:51 +0000"
    },
    "done": true
  },
  "additionallanterns:recipes/gold_lantern_red": {
    "criteria": {
      "recipe_condition": "2024-10-27 22:26:33 +0000"
    },
    "done": true
  },
  "minecraft:recipes/building_blocks/pink_wool": {
    "criteria": {
      "has_white_wool": "2024-10-27 22:47:04 +0000"
    },
    "done": true
  },
  "additionallanterns:recipes/emerald_lantern_pink": {
    "criteria": {
      "recipe_condition": "2024-10-27 22:26:33 +0000"
    },
    "done": true
  },
  "additionallanterns:recipes/obsidian_lantern": {
    "criteria": {
      "recipe_condition": "2024-10-27 22:49:33 +0000"
    },
    "done": true
  },
  "minecraft:recipes/decorations/brown_bed_from_white_bed": {
    "criteria": {
      "has_bed": "2024-10-27 22:47:04 +0000"
    },
    "done": true
  },
  "minecraft:recipes/building_blocks/polished_granite": {
    "criteria": {
      "has_stone": "2024-10-27 23:15:04 +0000"
    },
    "done": true
  },
  "additionallanterns:recipes/granite_lantern_black": {
    "criteria": {
      "recipe_condition": "2024-10-27 22:26:33 +0000"
    },
    "done": true
  },
  "additionallanterns:recipes/andesite_lantern_green": {
    "criteria": {
      "recipe_condition": "2024-10-27 22:26:33 +0000"
    },
    "done": true
  },
  "additionallanterns:recipes/bricks_lantern": {
    "criteria": {
      "recipe_condition": "2024-10-27 22:49:33 +0000"
    },
    "done": true
  },
  "minecraft:recipes/redstone/piston": {
    "criteria": {
      "has_redstone": "2024-10-27 23:14:50 +0000"
    },
    "done": true
  },
  "additionallanterns:recipes/red_sandstone_lantern_orange": {
    "criteria": {
      "recipe_condition": "2024-10-27 22:26:33 +0000"
    },
    "done": true
  },
  "minecraft:recipes/building_blocks/stone_stairs": {
    "criteria": {
      "has_cobblestone": "2024-10-27 22:43:42 +0000"
    },
    "done": true
  },
  "additionallanterns:recipes/normal_nether_bricks_lantern_light_gray": {
    "criteria": {
      "recipe_condition": "2024-10-27 22:26:33 +0000"
    },
    "done": true
  },
  "additionallanterns:recipes/red_nether_bricks_lantern_lime": {
    "criteria": {
      "recipe_condition": "2024-10-27 22:26:33 +0000"
    },
    "done": true
  },
  "additionallanterns:recipes/normal_nether_bricks_lantern_colorless": {
    "criteria": {
      "recipe_condition": "2024-10-27 22:26:33 +0000"
    },
    "done": true
  },
  "additionallanterns:recipes/bricks_lantern_black": {
    "criteria": {
      "recipe_condition": "2024-10-27 22:26:33 +0000"
    },
    "done": true
  },
  "additionallanterns:recipes/additionallanterns/cobblestone_chain": {
    "criteria": {
      "recipe_condition": "2024-10-27 22:43:42 +0000"
    },
    "done": true
  },
  "additionallanterns:recipes/diorite_lantern_gray": {
    "criteria": {
      "recipe_condition": "2024-10-27 22:26:33 +0000"
    },
    "done": true
  },
  "additionallanterns:recipes/dark_prismarine_lantern_light_gray": {
    "criteria": {
      "recipe_condition": "2024-10-27 22:26:33 +0000"
    },
    "done": true
  },
  "additionallanterns:recipes/diamond_lantern": {
    "criteria": {
      "recipe_condition": "2024-10-27 22:49:33 +0000"
    },
    "done": true
  },
  "additionallanterns:recipes/normal_lantern_gray": {
    "criteria": {
      "recipe_condition": "2024-10-27 22:26:33 +0000"
    },
    "done": true
  },
  "additionallanterns:recipes/granite_lantern_orange": {
    "criteria": {
      "recipe_condition": "2024-10-27 22:26:33 +0000"
    },
    "done": true
  },
  "minecraft:story/smelt_iron": {
    "criteria": {
      "iron": "2024-10-27 22:59:01 +0000"
    },
    "done": true
  },
  "minecraft:recipes/redstone/wooden_door": {
    "criteria": {
      "has_planks": "2024-10-27 22:43:19 +0000"
    },
    "done": true
  },
  "additionallanterns:recipes/obsidian_lantern_blue": {
    "criteria": {
      "recipe_condition": "2024-10-27 22:26:33 +0000"
    },
    "done": true
  },
  "additionallanterns:recipes/end_stone_lantern_cyan": {
    "criteria": {
      "recipe_condition": "2024-10-27 22:26:33 +0000"
    },
    "done": true
  },
  "additionallanterns:recipes/normal_nether_bricks_lantern_purple": {
    "criteria": {
      "recipe_condition": "2024-10-27 22:26:33 +0000"
    },
    "done": true
  },
  "minecraft:recipes/decorations/light_gray_bed_from_white_bed": {
    "criteria": {
      "has_bed": "2024-10-27 22:47:04 +0000"
    },
    "done": true
  }
}