{
  "additionallanterns:recipes/obsidian_lantern_cyan": {
    "criteria": {
      "recipe_condition": "2024-10-09 21:10:17 +0000"
    },
    "done": true
  },
  "additionallanterns:recipes/stone_lantern_green": {
    "criteria": {
      "recipe_condition": "2024-10-09 21:10:17 +0000"
    },
    "done": true
  },
  "additionallanterns:recipes/cobblestone_lantern_red": {
    "criteria": {
      "recipe_condition": "2024-10-09 21:10:17 +0000"
    },
    "done": true
  },
  "minecraft:recipes/redstone/lever": {
    "criteria": {
      "has_cobblestone": "2024-10-09 21:15:12 +0000"
    },
    "done": true
  },
  "additionallanterns:recipes/purpur_lantern_black": {
    "criteria": {
      "recipe_condition": "2024-10-09 21:10:17 +0000"
    },
    "done": true
  },
  "additionallanterns:recipes/mossy_cobblestone_lantern_lime": {
    "criteria": {
      "recipe_condition": "2024-10-09 21:10:17 +0000"
    },
    "done": true
  },
  "additionallanterns:recipes/iron_lantern_gray": {
    "criteria": {
      "recipe_condition": "2024-10-09 21:10:17 +0000"
    },
    "done": true
  },
  "additionallanterns:recipes/diamond_lantern_purple": {
    "criteria": {
      "recipe_condition": "2024-10-09 21:10:17 +0000"
    },
    "done": true
  },
  "additionallanterns:recipes/stone_lantern_cyan": {
    "criteria": {
      "recipe_condition": "2024-10-09 21:10:17 +0000"
    },
    "done": true
  },
  "additionallanterns:recipes/end_stone_lantern_light_gray": {
    "criteria": {
      "recipe_condition": "2024-10-09 21:10:17 +0000"
    },
    "done": true
  },
  "additionallanterns:recipes/red_sandstone_lantern_white": {
    "criteria": {
      "recipe_condition": "2024-10-09 21:10:17 +0000"
    },
    "done": true
  },
  "additionallanterns:recipes/red_sandstone_lantern_lime": {
    "criteria": {
      "recipe_condition": "2024-10-09 21:10:17 +0000"
    },
    "done": true
  },
  "additionallanterns:recipes/diorite_lantern_yellow": {
    "criteria": {
      "recipe_condition": "2024-10-09 21:10:17 +0000"
    },
    "done": true
  },
  "additionallanterns:recipes/bricks_lantern_light_blue": {
    "criteria": {
      "recipe_condition": "2024-10-09 21:10:17 +0000"
    },
    "done": true
  },
  "additionallanterns:recipes/dark_prismarine_lantern_light_blue": {
    "criteria": {
      "recipe_condition": "2024-10-09 21:10:17 +0000"
    },
    "done": true
  },
  "additionallanterns:recipes/cobblestone_lantern_yellow": {
    "criteria": {
      "recipe_condition": "2024-10-09 21:10:17 +0000"
    },
    "done": true
  },
  "additionallanterns:recipes/diamond_lantern_black": {
    "criteria": {
      "recipe_condition": "2024-10-09 21:10:17 +0000"
    },
    "done": true
  },
  "minecraft:recipes/decorations/crafting_table": {
    "criteria": {
      "has_planks": "2024-10-09 21:14:35 +0000"
    },
    "done": true
  },
  "minecraft:recipes/decorations/ladder": {
    "criteria": {
      "has_stick": "2024-10-09 21:14:43 +0000"
    },
    "done": true
  },
  "additionallanterns:recipes/iron_lantern_magenta": {
    "criteria": {
      "recipe_condition": "2024-10-09 21:10:17 +0000"
    },
    "done": true
  },
  "additionallanterns:recipes/bone_lantern_yellow": {
    "criteria": {
      "recipe_condition": "2024-10-09 21:10:17 +0000"
    },
    "done": true
  },
  "minecraft:recipes/tools/wooden_shovel": {
    "criteria": {
      "has_stick": "2024-10-09 21:14:43 +0000"
    },
    "done": true
  },
  "additionallanterns:recipes/gold_lantern_magenta": {
    "criteria": {
      "recipe_condition": "2024-10-09 21:10:17 +0000"
    },
    "done": true
  },
  "minecraft:recipes/decorations/torch": {
    "criteria": {
      "has_stone_pickaxe": "2024-10-09 21:15:38 +0000"
    },
    "done": true
  },
  "additionallanterns:recipes/purpur_lantern_yellow": {
    "criteria": {
      "recipe_condition": "2024-10-09 21:10:17 +0000"
    },
    "done": true
  },
  "additionallanterns:recipes/bricks_lantern_pink": {
    "criteria": {
      "recipe_condition": "2024-10-09 21:10:17 +0000"
    },
    "done": true
  },
  "additionallanterns:recipes/quartz_lantern_lime": {
    "criteria": {
      "recipe_condition": "2024-10-09 21:10:17 +0000"
    },
    "done": true
  },
  "additionallanterns:recipes/prismarine_lantern_light_blue": {
    "criteria": {
      "recipe_condition": "2024-10-09 21:10:17 +0000"
    },
    "done": true
  },
  "minecraft:recipes/misc/stick": {
    "criteria": {
      "has_planks": "2024-10-09 21:14:35 +0000"
    },
    "done": true
  },
  "additionallanterns:recipes/diorite_lantern_light_blue": {
    "criteria": {
      "recipe_condition": "2024-10-09 21:10:17 +0000"
    },
    "done": true
  },
  "additionallanterns:recipes/red_nether_bricks_lantern_green": {
    "criteria": {
      "recipe_condition": "2024-10-09 21:10:17 +0000"
    },
    "done": true
  },
  "additionallanterns:recipes/red_sandstone_lantern_magenta": {
    "criteria": {
      "recipe_condition": "2024-10-09 21:10:17 +0000"
    },
    "done": true
  },
  "additionallanterns:recipes/mossy_cobblestone_lantern_red": {
    "criteria": {
      "recipe_condition": "2024-10-09 21:10:17 +0000"
    },
    "done": true
  },
  "additionallanterns:recipes/diamond_lantern_pink": {
    "criteria": {
      "recipe_condition": "2024-10-09 21:10:17 +0000"
    },
    "done": true
  },
  "additionallanterns:recipes/quartz_lantern_colorless": {
    "criteria": {
      "recipe_condition": "2024-10-09 21:10:17 +0000"
    },
    "done": true
  },
  "additionallanterns:recipes/normal_nether_bricks_lantern_lime": {
    "criteria": {
      "recipe_condition": "2024-10-09 21:10:17 +0000"
    },
    "done": true
  },
  "additionallanterns:recipes/gold_lantern_colorless": {
    "criteria": {
      "recipe_condition": "2024-10-09 21:10:17 +0000"
    },
    "done": true
  },
  "additionallanterns:recipes/cobblestone_lantern_colorless": {
    "criteria": {
      "recipe_condition": "2024-10-09 21:10:17 +0000"
    },
    "done": true
  },
  "minecraft:recipes/building_blocks/cobblestone_slab": {
    "criteria": {
      "has_cobblestone": "2024-10-09 21:15:12 +0000"
    },
    "done": true
  },
  "additionallanterns:recipes/smooth_stone_lantern_blue": {
    "criteria": {
      "recipe_condition": "2024-10-09 21:10:17 +0000"
    },
    "done": true
  },
  "additionallanterns:recipes/gold_lantern_orange": {
    "criteria": {
      "recipe_condition": "2024-10-09 21:10:17 +0000"
    },
    "done": true
  },
  "additionallanterns:recipes/bone_lantern_red": {
    "criteria": {
      "recipe_condition": "2024-10-09 21:10:17 +0000"
    },
    "done": true
  },
  "additionallanterns:recipes/obsidian_lantern_white": {
    "criteria": {
      "recipe_condition": "2024-10-09 21:10:17 +0000"
    },
    "done": true
  },
  "additionallanterns:recipes/gold_lantern_light_blue": {
    "criteria": {
      "recipe_condition": "2024-10-09 21:10:17 +0000"
    },
    "done": true
  },
  "additionallanterns:recipes/cobblestone_lantern_blue": {
    "criteria": {
      "recipe_condition": "2024-10-09 21:10:17 +0000"
    },
    "done": true
  },
  "additionallanterns:recipes/granite_lantern_colorless": {
    "criteria": {
      "recipe_condition": "2024-10-09 21:10:17 +0000"
    },
    "done": true
  },
  "additionallanterns:recipes/stone_bricks_lantern_light_gray": {
    "criteria": {
      "recipe_condition": "2024-10-09 21:10:17 +0000"
    },
    "done": true
  },
  "additionallanterns:recipes/normal_nether_bricks_lantern_black": {
    "criteria": {
      "recipe_condition": "2024-10-09 21:10:17 +0000"
    },
    "done": true
  },
  "additionallanterns:recipes/normal_sandstone_lantern_gray": {
    "criteria": {
      "recipe_condition": "2024-10-09 21:10:17 +0000"
    },
    "done": true
  },
  "additionallanterns:recipes/iron_lantern_colorless": {
    "criteria": {
      "recipe_condition": "2024-10-09 21:10:17 +0000"
    },
    "done": true
  },
  "additionallanterns:recipes/normal_lantern_lime": {
    "criteria": {
      "recipe_condition": "2024-10-09 21:10:17 +0000"
    },
    "done": true
  },
  "additionallanterns:recipes/mossy_cobblestone_lantern_yellow": {
    "criteria": {
      "recipe_condition": "2024-10-09 21:10:17 +0000"
    },
    "done": true
  },
  "additionallanterns:recipes/mossy_cobblestone_lantern_magenta": {
    "criteria": {
      "recipe_condition": "2024-10-09 21:10:17 +0000"
    },
    "done": true
  },
  "additionallanterns:recipes/granite_lantern_purple": {
    "criteria": {
      "recipe_condition": "2024-10-09 21:10:17 +0000"
    },
    "done": true
  },
  "additionallanterns:recipes/emerald_lantern_white": {
    "criteria": {
      "recipe_condition": "2024-10-09 21:10:17 +0000"
    },
    "done": true
  },
  "additionallanterns:recipes/granite_lantern_gray": {
    "criteria": {
      "recipe_condition": "2024-10-09 21:10:17 +0000"
    },
    "done": true
  },
  "additionallanterns:recipes/normal_lantern_yellow": {
    "criteria": {
      "recipe_condition": "2024-10-09 21:10:17 +0000"
    },
    "done": true
  },
  "additionallanterns:recipes/end_stone_lantern_white": {
    "criteria": {
      "recipe_condition": "2024-10-09 21:10:17 +0000"
    },
    "done": true
  },
  "additionallanterns:recipes/quartz_lantern_red": {
    "criteria": {
      "recipe_condition": "2024-10-09 21:10:17 +0000"
    },
    "done": true
  },
  "additionallanterns:recipes/quartz_lantern_blue": {
    "criteria": {
      "recipe_condition": "2024-10-09 21:10:17 +0000"
    },
    "done": true
  },
  "additionallanterns:recipes/red_sandstone_lantern_light_gray": {
    "criteria": {
      "recipe_condition": "2024-10-09 21:10:17 +0000"
    },
    "done": true
  },
  "additionallanterns:recipes/prismarine_lantern_brown": {
    "criteria": {
      "recipe_condition": "2024-10-09 21:10:17 +0000"
    },
    "done": true
  },
  "additionallanterns:recipes/diorite_lantern_brown": {
    "criteria": {
      "recipe_condition": "2024-10-09 21:10:17 +0000"
    },
    "done": true
  },
  "narutomodaddon:chakra_blocked": {
    "criteria": {
      "playerHurt": "2024-10-09 21:13:02 +0000"
    },
    "done": true
  },
  "additionallanterns:recipes/cobblestone_lantern_light_blue": {
    "criteria": {
      "recipe_condition": "2024-10-09 21:10:17 +0000"
    },
    "done": true
  },
  "additionallanterns:recipes/iron_lantern_white": {
    "criteria": {
      "recipe_condition": "2024-10-09 21:10:17 +0000"
    },
    "done": true
  },
  "additionallanterns:recipes/mossy_cobblestone_lantern_brown": {
    "criteria": {
      "recipe_condition": "2024-10-09 21:10:17 +0000"
    },
    "done": true
  },
  "additionallanterns:recipes/emerald_lantern_magenta": {
    "criteria": {
      "recipe_condition": "2024-10-09 21:10:17 +0000"
    },
    "done": true
  },
  "additionallanterns:recipes/red_sandstone_lantern_red": {
    "criteria": {
      "recipe_condition": "2024-10-09 21:10:17 +0000"
    },
    "done": true
  },
  "additionallanterns:recipes/granite_lantern_brown": {
    "criteria": {
      "recipe_condition": "2024-10-09 21:10:17 +0000"
    },
    "done": true
  },
  "additionallanterns:recipes/smooth_stone_lantern_colorless": {
    "criteria": {
      "recipe_condition": "2024-10-09 21:10:17 +0000"
    },
    "done": true
  },
  "additionallanterns:recipes/red_nether_bricks_lantern_cyan": {
    "criteria": {
      "recipe_condition": "2024-10-09 21:10:17 +0000"
    },
    "done": true
  },
  "additionallanterns:recipes/andesite_lantern_light_blue": {
    "criteria": {
      "recipe_condition": "2024-10-09 21:10:17 +0000"
    },
    "done": true
  },
  "additionallanterns:recipes/normal_nether_bricks_lantern_yellow": {
    "criteria": {
      "recipe_condition": "2024-10-09 21:10:17 +0000"
    },
    "done": true
  },
  "additionallanterns:recipes/andesite_lantern_colorless": {
    "criteria": {
      "recipe_condition": "2024-10-09 21:10:17 +0000"
    },
    "done": true
  },
  "additionallanterns:recipes/bricks_lantern_brown": {
    "criteria": {
      "recipe_condition": "2024-10-09 21:10:17 +0000"
    },
    "done": true
  },
  "additionallanterns:recipes/red_nether_bricks_lantern_colorless": {
    "criteria": {
      "recipe_condition": "2024-10-09 21:10:17 +0000"
    },
    "done": true
  },
  "additionallanterns:recipes/diorite_lantern_magenta": {
    "criteria": {
      "recipe_condition": "2024-10-09 21:10:17 +0000"
    },
    "done": true
  },
  "minecraft:recipes/transportation/acacia_boat": {
    "criteria": {
      "entered_water": "2024-10-09 21:13:41 +0000"
    },
    "done": true
  },
  "additionallanterns:recipes/normal_lantern_light_gray": {
    "criteria": {
      "recipe_condition": "2024-10-09 21:10:17 +0000"
    },
    "done": true
  },
  "additionallanterns:recipes/normal_lantern_green": {
    "criteria": {
      "recipe_condition": "2024-10-09 21:10:17 +0000"
    },
    "done": true
  },
  "additionallanterns:recipes/red_sandstone_lantern_yellow": {
    "criteria": {
      "recipe_condition": "2024-10-09 21:10:17 +0000"
    },
    "done": true
  },
  "additionallanterns:recipes/stone_bricks_lantern_lime": {
    "criteria": {
      "recipe_condition": "2024-10-09 21:10:17 +0000"
    },
    "done": true
  },
  "minecraft:adventure/root": {
    "criteria": {
      "killed_something": "2024-10-09 21:18:08 +0000"
    },
    "done": true
  },
  "additionallanterns:recipes/andesite_lantern_blue": {
    "criteria": {
      "recipe_condition": "2024-10-09 21:10:17 +0000"
    },
    "done": true
  },
  "additionallanterns:recipes/purpur_lantern_cyan": {
    "criteria": {
      "recipe_condition": "2024-10-09 21:10:17 +0000"
    },
    "done": true
  },
  "additionallanterns:recipes/normal_lantern_white": {
    "criteria": {
      "recipe_condition": "2024-10-09 21:10:17 +0000"
    },
    "done": true
  },
  "additionallanterns:recipes/granite_lantern_cyan": {
    "criteria": {
      "recipe_condition": "2024-10-09 21:10:17 +0000"
    },
    "done": true
  },
  "additionallanterns:recipes/end_stone_lantern_gray": {
    "criteria": {
      "recipe_condition": "2024-10-09 21:10:17 +0000"
    },
    "done": true
  },
  "additionallanterns:recipes/purpur_lantern_magenta": {
    "criteria": {
      "recipe_condition": "2024-10-09 21:10:17 +0000"
    },
    "done": true
  },
  "additionallanterns:recipes/gold_lantern_pink": {
    "criteria": {
      "recipe_condition": "2024-10-09 21:10:17 +0000"
    },
    "done": true
  },
  "additionallanterns:recipes/diamond_lantern_colorless": {
    "criteria": {
      "recipe_condition": "2024-10-09 21:10:17 +0000"
    },
    "done": true
  },
  "additionallanterns:recipes/normal_sandstone_lantern_colorless": {
    "criteria": {
      "recipe_condition": "2024-10-09 21:10:17 +0000"
    },
    "done": true
  },
  "additionallanterns:recipes/normal_sandstone_lantern_light_gray": {
    "criteria": {
      "recipe_condition": "2024-10-09 21:10:17 +0000"
    },
    "done": true
  },
  "additionallanterns:recipes/normal_nether_bricks_lantern_blue": {
    "criteria": {
      "recipe_condition": "2024-10-09 21:10:17 +0000"
    },
    "done": true
  },
  "additionallanterns:recipes/mossy_cobblestone_lantern_cyan": {
    "criteria": {
      "recipe_condition": "2024-10-09 21:10:17 +0000"
    },
    "done": true
  },
  "additionallanterns:recipes/iron_lantern_green": {
    "criteria": {
      "recipe_condition": "2024-10-09 21:10:17 +0000"
    },
    "done": true
  },
  "additionallanterns:recipes/red_sandstone_lantern_green": {
    "criteria": {
      "recipe_condition": "2024-10-09 21:10:17 +0000"
    },
    "done": true
  },
  "additionallanterns:recipes/obsidian_lantern_magenta": {
    "criteria": {
      "recipe_condition": "2024-10-09 21:10:17 +0000"
    },
    "done": true
  },
  "additionallanterns:recipes/emerald_lantern_black": {
    "criteria": {
      "recipe_condition": "2024-10-09 21:10:17 +0000"
    },
    "done": true
  },
  "additionallanterns:recipes/bone_lantern_cyan": {
    "criteria": {
      "recipe_condition": "2024-10-09 21:10:17 +0000"
    },
    "done": true
  },
  "additionallanterns:recipes/iron_lantern_purple": {
    "criteria": {
      "recipe_condition": "2024-10-09 21:10:17 +0000"
    },
    "done": true
  },
  "additionallanterns:recipes/red_nether_bricks_lantern_red": {
    "criteria": {
      "recipe_condition": "2024-10-09 21:10:17 +0000"
    },
    "done": true
  },
  "additionallanterns:recipes/end_stone_lantern_green": {
    "criteria": {
      "recipe_condition": "2024-10-09 21:10:17 +0000"
    },
    "done": true
  },
  "additionallanterns:recipes/normal_sandstone_lantern_brown": {
    "criteria": {
      "recipe_condition": "2024-10-09 21:10:17 +0000"
    },
    "done": true
  },
  "additionallanterns:recipes/red_sandstone_lantern_cyan": {
    "criteria": {
      "recipe_condition": "2024-10-09 21:10:17 +0000"
    },
    "done": true
  },
  "additionallanterns:recipes/dark_prismarine_lantern_green": {
    "criteria": {
      "recipe_condition": "2024-10-09 21:10:17 +0000"
    },
    "done": true
  },
  "additionallanterns:recipes/normal_sandstone_lantern_yellow": {
    "criteria": {
      "recipe_condition": "2024-10-09 21:10:17 +0000"
    },
    "done": true
  },
  "additionallanterns:recipes/dark_prismarine_lantern_white": {
    "criteria": {
      "recipe_condition": "2024-10-09 21:10:17 +0000"
    },
    "done": true
  },
  "additionallanterns:recipes/emerald_lantern_gray": {
    "criteria": {
      "recipe_condition": "2024-10-09 21:10:17 +0000"
    },
    "done": true
  },
  "additionallanterns:recipes/stone_bricks_lantern_black": {
    "criteria": {
      "recipe_condition": "2024-10-09 21:10:17 +0000"
    },
    "done": true
  },
  "additionallanterns:recipes/prismarine_lantern_cyan": {
    "criteria": {
      "recipe_condition": "2024-10-09 21:10:17 +0000"
    },
    "done": true
  },
  "additionallanterns:recipes/cobblestone_lantern_lime": {
    "criteria": {
      "recipe_condition": "2024-10-09 21:10:17 +0000"
    },
    "done": true
  },
  "additionallanterns:recipes/stone_lantern_lime": {
    "criteria": {
      "recipe_condition": "2024-10-09 21:10:17 +0000"
    },
    "done": true
  },
  "additionallanterns:recipes/dark_prismarine_lantern_gray": {
    "criteria": {
      "recipe_condition": "2024-10-09 21:10:17 +0000"
    },
    "done": true
  },
  "additionallanterns:recipes/gold_lantern_black": {
    "criteria": {
      "recipe_condition": "2024-10-09 21:10:17 +0000"
    },
    "done": true
  },
  "additionallanterns:recipes/smooth_stone_lantern_magenta": {
    "criteria": {
      "recipe_condition": "2024-10-09 21:10:17 +0000"
    },
    "done": true
  },
  "additionallanterns:recipes/quartz_lantern_yellow": {
    "criteria": {
      "recipe_condition": "2024-10-09 21:10:17 +0000"
    },
    "done": true
  },
  "additionallanterns:recipes/diamond_lantern_orange": {
    "criteria": {
      "recipe_condition": "2024-10-09 21:10:17 +0000"
    },
    "done": true
  },
  "additionallanterns:recipes/obsidian_lantern_orange": {
    "criteria": {
      "recipe_condition": "2024-10-09 21:10:17 +0000"
    },
    "done": true
  },
  "silentgear:blueprint_sword": {
    "criteria": {
      "blueprint": "2024-10-09 21:11:46 +0000"
    },
    "done": true
  },
  "additionallanterns:recipes/smooth_stone_lantern_yellow": {
    "criteria": {
      "recipe_condition": "2024-10-09 21:10:17 +0000"
    },
    "done": true
  },
  "additionallanterns:recipes/granite_lantern_light_gray": {
    "criteria": {
      "recipe_condition": "2024-10-09 21:10:17 +0000"
    },
    "done": true
  },
  "additionallanterns:recipes/prismarine_lantern_purple": {
    "criteria": {
      "recipe_condition": "2024-10-09 21:10:17 +0000"
    },
    "done": true
  },
  "additionallanterns:recipes/emerald_lantern_orange": {
    "criteria": {
      "recipe_condition": "2024-10-09 21:10:17 +0000"
    },
    "done": true
  },
  "additionallanterns:recipes/bone_lantern_lime": {
    "criteria": {
      "recipe_condition": "2024-10-09 21:10:17 +0000"
    },
    "done": true
  },
  "additionallanterns:recipes/stone_bricks_lantern_yellow": {
    "criteria": {
      "recipe_condition": "2024-10-09 21:10:17 +0000"
    },
    "done": true
  },
  "additionallanterns:recipes/purpur_lantern_light_blue": {
    "criteria": {
      "recipe_condition": "2024-10-09 21:10:17 +0000"
    },
    "done": true
  },
  "additionallanterns:recipes/prismarine_lantern_green": {
    "criteria": {
      "recipe_condition": "2024-10-09 21:10:17 +0000"
    },
    "done": true
  },
  "additionallanterns:recipes/smooth_stone_lantern_red": {
    "criteria": {
      "recipe_condition": "2024-10-09 21:10:17 +0000"
    },
    "done": true
  },
  "additionallanterns:recipes/andesite_lantern_white": {
    "criteria": {
      "recipe_condition": "2024-10-09 21:10:17 +0000"
    },
    "done": true
  },
  "additionallanterns:recipes/bricks_lantern_gray": {
    "criteria": {
      "recipe_condition": "2024-10-09 21:10:17 +0000"
    },
    "done": true
  },
  "additionallanterns:recipes/stone_bricks_lantern_gray": {
    "criteria": {
      "recipe_condition": "2024-10-09 21:10:17 +0000"
    },
    "done": true
  },
  "additionallanterns:recipes/bone_lantern_colorless": {
    "criteria": {
      "recipe_condition": "2024-10-09 21:10:17 +0000"
    },
    "done": true
  },
  "additionallanterns:recipes/bone_lantern_magenta": {
    "criteria": {
      "recipe_condition": "2024-10-09 21:10:17 +0000"
    },
    "done": true
  },
  "additionallanterns:recipes/emerald_lantern_cyan": {
    "criteria": {
      "recipe_condition": "2024-10-09 21:10:17 +0000"
    },
    "done": true
  },
  "additionallanterns:recipes/bone_lantern_brown": {
    "criteria": {
      "recipe_condition": "2024-10-09 21:10:17 +0000"
    },
    "done": true
  },
  "additionallanterns:recipes/normal_sandstone_lantern_red": {
    "criteria": {
      "recipe_condition": "2024-10-09 21:10:17 +0000"
    },
    "done": true
  },
  "additionallanterns:recipes/quartz_lantern_light_blue": {
    "criteria": {
      "recipe_condition": "2024-10-09 21:10:17 +0000"
    },
    "done": true
  },
  "minecraft:recipes/redstone/wooden_pressure_plate": {
    "criteria": {
      "has_planks": "2024-10-09 21:14:35 +0000"
    },
    "done": true
  },
  "additionallanterns:recipes/emerald_lantern_yellow": {
    "criteria": {
      "recipe_condition": "2024-10-09 21:10:17 +0000"
    },
    "done": true
  },
  "additionallanterns:recipes/bricks_lantern_orange": {
    "criteria": {
      "recipe_condition": "2024-10-09 21:10:17 +0000"
    },
    "done": true
  },
  "additionallanterns:recipes/andesite_lantern_lime": {
    "criteria": {
      "recipe_condition": "2024-10-09 21:10:17 +0000"
    },
    "done": true
  },
  "additionallanterns:recipes/normal_nether_bricks_lantern_magenta": {
    "criteria": {
      "recipe_condition": "2024-10-09 21:10:17 +0000"
    },
    "done": true
  },
  "additionallanterns:recipes/stone_lantern_light_blue": {
    "criteria": {
      "recipe_condition": "2024-10-09 21:10:17 +0000"
    },
    "done": true
  },
  "mowziesmobs:root": {
    "criteria": {
      "custom_test_name": "2024-10-09 21:10:17 +0000"
    },
    "done": true
  },
  "additionallanterns:recipes/cobblestone_lantern_cyan": {
    "criteria": {
      "recipe_condition": "2024-10-09 21:10:17 +0000"
    },
    "done": true
  },
  "additionallanterns:recipes/end_stone_lantern_purple": {
    "criteria": {
      "recipe_condition": "2024-10-09 21:10:17 +0000"
    },
    "done": true
  },
  "minecraft:recipes/redstone/wooden_button": {
    "criteria": {
      "has_planks": "2024-10-09 21:14:35 +0000"
    },
    "done": true
  },
  "minecraft:recipes/combat/wooden_sword": {
    "criteria": {
      "has_stick": "2024-10-09 21:14:43 +0000"
    },
    "done": true
  },
  "additionallanterns:recipes/purpur_lantern_colorless": {
    "criteria": {
      "recipe_condition": "2024-10-09 21:10:17 +0000"
    },
    "done": true
  },
  "additionallanterns:recipes/diamond_lantern_light_gray": {
    "criteria": {
      "recipe_condition": "2024-10-09 21:10:17 +0000"
    },
    "done": true
  },
  "additionallanterns:recipes/stone_lantern_gray": {
    "criteria": {
      "recipe_condition": "2024-10-09 21:10:17 +0000"
    },
    "done": true
  },
  "additionallanterns:recipes/iron_lantern_cyan": {
    "criteria": {
      "recipe_condition": "2024-10-09 21:10:17 +0000"
    },
    "done": true
  },
  "additionallanterns:recipes/mossy_cobblestone_lantern_light_blue": {
    "criteria": {
      "recipe_condition": "2024-10-09 21:10:17 +0000"
    },
    "done": true
  },
  "additionallanterns:recipes/stone_bricks_lantern_green": {
    "criteria": {
      "recipe_condition": "2024-10-09 21:10:17 +0000"
    },
    "done": true
  },
  "additionallanterns:recipes/normal_lantern_brown": {
    "criteria": {
      "recipe_condition": "2024-10-09 21:10:17 +0000"
    },
    "done": true
  },
  "additionallanterns:recipes/gold_lantern_green": {
    "criteria": {
      "recipe_condition": "2024-10-09 21:10:17 +0000"
    },
    "done": true
  },
  "additionallanterns:recipes/cobblestone_lantern_green": {
    "criteria": {
      "recipe_condition": "2024-10-09 21:10:17 +0000"
    },
    "done": true
  },
  "additionallanterns:recipes/obsidian_lantern_green": {
    "criteria": {
      "recipe_condition": "2024-10-09 21:10:17 +0000"
    },
    "done": true
  },
  "additionallanterns:recipes/dark_prismarine_lantern_black": {
    "criteria": {
      "recipe_condition": "2024-10-09 21:10:17 +0000"
    },
    "done": true
  },
  "additionallanterns:recipes/red_nether_bricks_lantern_purple": {
    "criteria": {
      "recipe_condition": "2024-10-09 21:10:17 +0000"
    },
    "done": true
  },
  "additionallanterns:recipes/diamond_lantern_brown": {
    "criteria": {
      "recipe_condition": "2024-10-09 21:10:17 +0000"
    },
    "done": true
  },
  "minecraft:recipes/building_blocks/birch_planks": {
    "criteria": {
      "has_log": "2024-10-09 21:14:14 +0000"
    },
    "done": true
  },
  "additionallanterns:recipes/red_nether_bricks_lantern_gray": {
    "criteria": {
      "recipe_condition": "2024-10-09 21:10:17 +0000"
    },
    "done": true
  },
  "additionallanterns:recipes/prismarine_lantern_pink": {
    "criteria": {
      "recipe_condition": "2024-10-09 21:10:17 +0000"
    },
    "done": true
  },
  "additionallanterns:recipes/diorite_lantern_lime": {
    "criteria": {
      "recipe_condition": "2024-10-09 21:10:17 +0000"
    },
    "done": true
  },
  "additionallanterns:recipes/diamond_lantern_magenta": {
    "criteria": {
      "recipe_condition": "2024-10-09 21:10:17 +0000"
    },
    "done": true
  },
  "additionallanterns:recipes/diamond_lantern_white": {
    "criteria": {
      "recipe_condition": "2024-10-09 21:10:17 +0000"
    },
    "done": true
  },
  "additionallanterns:recipes/bone_lantern_light_blue": {
    "criteria": {
      "recipe_condition": "2024-10-09 21:10:17 +0000"
    },
    "done": true
  },
  "additionallanterns:recipes/diamond_lantern_gray": {
    "criteria": {
      "recipe_condition": "2024-10-09 21:10:17 +0000"
    },
    "done": true
  },
  "minecraft:recipes/redstone/birch_fence_gate": {
    "criteria": {
      "has_planks": "2024-10-09 21:14:35 +0000"
    },
    "done": true
  },
  "additionallanterns:recipes/obsidian_lantern_red": {
    "criteria": {
      "recipe_condition": "2024-10-09 21:10:17 +0000"
    },
    "done": true
  },
  "additionallanterns:recipes/purpur_lantern_blue": {
    "criteria": {
      "recipe_condition": "2024-10-09 21:10:17 +0000"
    },
    "done": true
  },
  "additionallanterns:recipes/smooth_stone_lantern_pink": {
    "criteria": {
      "recipe_condition": "2024-10-09 21:10:17 +0000"
    },
    "done": true
  },
  "additionallanterns:recipes/andesite_lantern_cyan": {
    "criteria": {
      "recipe_condition": "2024-10-09 21:10:17 +0000"
    },
    "done": true
  },
  "additionallanterns:recipes/bricks_lantern_magenta": {
    "criteria": {
      "recipe_condition": "2024-10-09 21:10:17 +0000"
    },
    "done": true
  },
  "additionallanterns:recipes/red_nether_bricks_lantern_light_blue": {
    "criteria": {
      "recipe_condition": "2024-10-09 21:10:17 +0000"
    },
    "done": true
  },
  "additionallanterns:recipes/stone_lantern_red": {
    "criteria": {
      "recipe_condition": "2024-10-09 21:10:17 +0000"
    },
    "done": true
  },
  "additionallanterns:recipes/prismarine_lantern_gray": {
    "criteria": {
      "recipe_condition": "2024-10-09 21:10:17 +0000"
    },
    "done": true
  },
  "additionallanterns:recipes/end_stone_lantern_pink": {
    "criteria": {
      "recipe_condition": "2024-10-09 21:10:17 +0000"
    },
    "done": true
  },
  "additionallanterns:recipes/stone_lantern_brown": {
    "criteria": {
      "recipe_condition": "2024-10-09 21:10:17 +0000"
    },
    "done": true
  },
  "additionallanterns:recipes/red_nether_bricks_lantern_black": {
    "criteria": {
      "recipe_condition": "2024-10-09 21:10:17 +0000"
    },
    "done": true
  },
  "additionallanterns:recipes/purpur_lantern_purple": {
    "criteria": {
      "recipe_condition": "2024-10-09 21:10:17 +0000"
    },
    "done": true
  },
  "additionallanterns:recipes/mossy_cobblestone_lantern_gray": {
    "criteria": {
      "recipe_condition": "2024-10-09 21:10:17 +0000"
    },
    "done": true
  },
  "additionallanterns:recipes/iron_lantern_lime": {
    "criteria": {
      "recipe_condition": "2024-10-09 21:10:17 +0000"
    },
    "done": true
  },
  "additionallanterns:recipes/stone_lantern_magenta": {
    "criteria": {
      "recipe_condition": "2024-10-09 21:10:17 +0000"
    },
    "done": true
  },
  "additionallanterns:recipes/red_sandstone_lantern_blue": {
    "criteria": {
      "recipe_condition": "2024-10-09 21:10:17 +0000"
    },
    "done": true
  },
  "additionallanterns:recipes/emerald_lantern_lime": {
    "criteria": {
      "recipe_condition": "2024-10-09 21:10:17 +0000"
    },
    "done": true
  },
  "additionallanterns:recipes/obsidian_lantern_light_blue": {
    "criteria": {
      "recipe_condition": "2024-10-09 21:10:17 +0000"
    },
    "done": true
  },
  "additionallanterns:recipes/end_stone_lantern_orange": {
    "criteria": {
      "recipe_condition": "2024-10-09 21:10:17 +0000"
    },
    "done": true
  },
  "additionallanterns:recipes/smooth_stone_lantern_light_blue": {
    "criteria": {
      "recipe_condition": "2024-10-09 21:10:17 +0000"
    },
    "done": true
  },
  "additionallanterns:recipes/bone_lantern_blue": {
    "criteria": {
      "recipe_condition": "2024-10-09 21:10:17 +0000"
    },
    "done": true
  },
  "additionallanterns:recipes/mossy_cobblestone_lantern_black": {
    "criteria": {
      "recipe_condition": "2024-10-09 21:10:17 +0000"
    },
    "done": true
  },
  "minecraft:adventure/adventuring_time": {
    "criteria": {
      "birch_forest": "2024-10-09 21:10:17 +0000",
      "taiga": "2024-10-09 21:11:06 +0000",
      "taiga_hills": "2024-10-09 21:12:00 +0000",
      "river": "2024-10-09 21:11:05 +0000"
    },
    "done": false
  },
  "additionallanterns:recipes/dark_prismarine_lantern_pink": {
    "criteria": {
      "recipe_condition": "2024-10-09 21:10:17 +0000"
    },
    "done": true
  },
  "minecraft:recipes/building_blocks/birch_wooden_slab": {
    "criteria": {
      "has_planks": "2024-10-09 21:14:35 +0000"
    },
    "done": true
  },
  "additionallanterns:recipes/normal_sandstone_lantern_cyan": {
    "criteria": {
      "recipe_condition": "2024-10-09 21:10:17 +0000"
    },
    "done": true
  },
  "narutomod:ninjaachievement": {
    "criteria": {
      "ninjaachievement": "2024-10-09 21:10:17 +0000"
    },
    "done": true
  },
  "minecraft:recipes/combat/stone_sword": {
    "criteria": {
      "has_cobblestone": "2024-10-09 21:15:12 +0000"
    },
    "done": true
  },
  "additionallanterns:recipes/obsidian_lantern_purple": {
    "criteria": {
      "recipe_condition": "2024-10-09 21:10:17 +0000"
    },
    "done": true
  },
  "additionallanterns:recipes/normal_nether_bricks_lantern_light_blue": {
    "criteria": {
      "recipe_condition": "2024-10-09 21:10:17 +0000"
    },
    "done": true
  },
  "minecraft:recipes/decorations/cobblestone_wall": {
    "criteria": {
      "has_cobblestone": "2024-10-09 21:15:12 +0000"
    },
    "done": true
  },
  "additionallanterns:recipes/normal_nether_bricks_lantern_brown": {
    "criteria": {
      "recipe_condition": "2024-10-09 21:10:17 +0000"
    },
    "done": true
  },
  "additionallanterns:recipes/quartz_lantern_green": {
    "criteria": {
      "recipe_condition": "2024-10-09 21:10:17 +0000"
    },
    "done": true
  },
  "additionallanterns:recipes/obsidian_lantern_black": {
    "criteria": {
      "recipe_condition": "2024-10-09 21:10:17 +0000"
    },
    "done": true
  },
  "additionallanterns:recipes/iron_lantern_orange": {
    "criteria": {
      "recipe_condition": "2024-10-09 21:10:17 +0000"
    },
    "done": true
  },
  "additionallanterns:recipes/andesite_lantern_brown": {
    "criteria": {
      "recipe_condition": "2024-10-09 21:10:17 +0000"
    },
    "done": true
  },
  "minecraft:recipes/tools/stone_pickaxe": {
    "criteria": {
      "has_cobblestone": "2024-10-09 21:15:12 +0000"
    },
    "done": true
  },
  "additionallanterns:recipes/gold_lantern_gray": {
    "criteria": {
      "recipe_condition": "2024-10-09 21:10:17 +0000"
    },
    "done": true
  },
  "additionallanterns:recipes/andesite_lantern_magenta": {
    "criteria": {
      "recipe_condition": "2024-10-09 21:10:17 +0000"
    },
    "done": true
  },
  "additionallanterns:recipes/emerald_lantern_light_blue": {
    "criteria": {
      "recipe_condition": "2024-10-09 21:10:17 +0000"
    },
    "done": true
  },
  "additionallanterns:recipes/diorite_lantern_colorless": {
    "criteria": {
      "recipe_condition": "2024-10-09 21:10:17 +0000"
    },
    "done": true
  },
  "minecraft:recipes/transportation/boat": {
    "criteria": {
      "entered_water": "2024-10-09 21:13:41 +0000"
    },
    "done": true
  },
  "additionallanterns:recipes/iron_lantern_light_blue": {
    "criteria": {
      "recipe_condition": "2024-10-09 21:10:17 +0000"
    },
    "done": true
  },
  "additionallanterns:recipes/obsidian_lantern_gray": {
    "criteria": {
      "recipe_condition": "2024-10-09 21:10:17 +0000"
    },
    "done": true
  },
  "additionallanterns:recipes/diorite_lantern_black": {
    "criteria": {
      "recipe_condition": "2024-10-09 21:10:17 +0000"
    },
    "done": true
  },
  "additionallanterns:recipes/stone_bricks_lantern_colorless": {
    "criteria": {
      "recipe_condition": "2024-10-09 21:10:17 +0000"
    },
    "done": true
  },
  "additionallanterns:recipes/red_nether_bricks_lantern_orange": {
    "criteria": {
      "recipe_condition": "2024-10-09 21:10:17 +0000"
    },
    "done": true
  },
  "additionallanterns:recipes/prismarine_lantern_orange": {
    "criteria": {
      "recipe_condition": "2024-10-09 21:10:17 +0000"
    },
    "done": true
  },
  "additionallanterns:recipes/end_stone_lantern_colorless": {
    "criteria": {
      "recipe_condition": "2024-10-09 21:10:17 +0000"
    },
    "done": true
  },
  "additionallanterns:recipes/normal_nether_bricks_lantern_white": {
    "criteria": {
      "recipe_condition": "2024-10-09 21:10:17 +0000"
    },
    "done": true
  },
  "additionallanterns:recipes/emerald_lantern_purple": {
    "criteria": {
      "recipe_condition": "2024-10-09 21:10:17 +0000"
    },
    "done": true
  },
  "additionallanterns:recipes/andesite_lantern_yellow": {
    "criteria": {
      "recipe_condition": "2024-10-09 21:10:17 +0000"
    },
    "done": true
  },
  "additionallanterns:recipes/stone_lantern_white": {
    "criteria": {
      "recipe_condition": "2024-10-09 21:10:17 +0000"
    },
    "done": true
  },
  "additionallanterns:recipes/bone_lantern_white": {
    "criteria": {
      "recipe_condition": "2024-10-09 21:10:17 +0000"
    },
    "done": true
  },
  "additionallanterns:recipes/diorite_lantern_blue": {
    "criteria": {
      "recipe_condition": "2024-10-09 21:10:17 +0000"
    },
    "done": true
  },
  "additionallanterns:recipes/stone_bricks_lantern_cyan": {
    "criteria": {
      "recipe_condition": "2024-10-09 21:10:17 +0000"
    },
    "done": true
  },
  "additionallanterns:recipes/end_stone_lantern_red": {
    "criteria": {
      "recipe_condition": "2024-10-09 21:10:17 +0000"
    },
    "done": true
  },
  "additionallanterns:recipes/purpur_lantern_lime": {
    "criteria": {
      "recipe_condition": "2024-10-09 21:10:17 +0000"
    },
    "done": true
  },
  "additionallanterns:recipes/end_stone_lantern_magenta": {
    "criteria": {
      "recipe_condition": "2024-10-09 21:10:17 +0000"
    },
    "done": true
  },
  "additionallanterns:recipes/normal_lantern_red": {
    "criteria": {
      "recipe_condition": "2024-10-09 21:10:17 +0000"
    },
    "done": true
  },
  "additionallanterns:recipes/smooth_stone_lantern_black": {
    "criteria": {
      "recipe_condition": "2024-10-09 21:10:17 +0000"
    },
    "done": true
  },
  "minecraft:recipes/tools/stone_axe": {
    "criteria": {
      "has_cobblestone": "2024-10-09 21:15:12 +0000"
    },
    "done": true
  },
  "additionallanterns:recipes/granite_lantern_lime": {
    "criteria": {
      "recipe_condition": "2024-10-09 21:10:17 +0000"
    },
    "done": true
  },
  "additionallanterns:recipes/normal_lantern_blue": {
    "criteria": {
      "recipe_condition": "2024-10-09 21:10:17 +0000"
    },
    "done": true
  },
  "additionallanterns:recipes/quartz_lantern_cyan": {
    "criteria": {
      "recipe_condition": "2024-10-09 21:10:17 +0000"
    },
    "done": true
  },
  "additionallanterns:recipes/cobblestone_lantern_orange": {
    "criteria": {
      "recipe_condition": "2024-10-09 21:10:17 +0000"
    },
    "done": true
  },
  "additionallanterns:recipes/iron_lantern_blue": {
    "criteria": {
      "recipe_condition": "2024-10-09 21:10:17 +0000"
    },
    "done": true
  },
  "additionallanterns:recipes/bricks_lantern_light_gray": {
    "criteria": {
      "recipe_condition": "2024-10-09 21:10:17 +0000"
    },
    "done": true
  },
  "additionallanterns:recipes/normal_lantern_purple": {
    "criteria": {
      "recipe_condition": "2024-10-09 21:10:17 +0000"
    },
    "done": true
  },
  "additionallanterns:recipes/mossy_cobblestone_lantern_purple": {
    "criteria": {
      "recipe_condition": "2024-10-09 21:10:17 +0000"
    },
    "done": true
  },
  "additionallanterns:recipes/end_stone_lantern_light_blue": {
    "criteria": {
      "recipe_condition": "2024-10-09 21:10:17 +0000"
    },
    "done": true
  },
  "additionallanterns:recipes/purpur_lantern_orange": {
    "criteria": {
      "recipe_condition": "2024-10-09 21:10:17 +0000"
    },
    "done": true
  },
  "additionallanterns:recipes/purpur_lantern_pink": {
    "criteria": {
      "recipe_condition": "2024-10-09 21:10:17 +0000"
    },
    "done": true
  },
  "additionallanterns:recipes/emerald_lantern_brown": {
    "criteria": {
      "recipe_condition": "2024-10-09 21:10:17 +0000"
    },
    "done": true
  },
  "additionallanterns:recipes/granite_lantern_magenta": {
    "criteria": {
      "recipe_condition": "2024-10-09 21:10:17 +0000"
    },
    "done": true
  },
  "additionallanterns:recipes/gold_lantern_light_gray": {
    "criteria": {
      "recipe_condition": "2024-10-09 21:10:17 +0000"
    },
    "done": true
  },
  "additionallanterns:recipes/cobblestone_lantern_black": {
    "criteria": {
      "recipe_condition": "2024-10-09 21:10:17 +0000"
    },
    "done": true
  },
  "additionallanterns:recipes/normal_sandstone_lantern_purple": {
    "criteria": {
      "recipe_condition": "2024-10-09 21:10:17 +0000"
    },
    "done": true
  },
  "additionallanterns:recipes/bricks_lantern_green": {
    "criteria": {
      "recipe_condition": "2024-10-09 21:10:17 +0000"
    },
    "done": true
  },
  "minecraft:recipes/redstone/trapdoor": {
    "criteria": {
      "has_planks": "2024-10-09 21:14:35 +0000"
    },
    "done": true
  },
  "additionallanterns:recipes/prismarine_lantern_light_gray": {
    "criteria": {
      "recipe_condition": "2024-10-09 21:10:17 +0000"
    },
    "done": true
  },
  "additionallanterns:recipes/normal_nether_bricks_lantern_pink": {
    "criteria": {
      "recipe_condition": "2024-10-09 21:10:17 +0000"
    },
    "done": true
  },
  "additionallanterns:recipes/granite_lantern_green": {
    "criteria": {
      "recipe_condition": "2024-10-09 21:10:17 +0000"
    },
    "done": true
  },
  "additionallanterns:recipes/mossy_cobblestone_lantern_green": {
    "criteria": {
      "recipe_condition": "2024-10-09 21:10:17 +0000"
    },
    "done": true
  },
  "additionallanterns:recipes/diamond_lantern_cyan": {
    "criteria": {
      "recipe_condition": "2024-10-09 21:10:17 +0000"
    },
    "done": true
  },
  "additionallanterns:recipes/granite_lantern_white": {
    "criteria": {
      "recipe_condition": "2024-10-09 21:10:17 +0000"
    },
    "done": true
  },
  "additionallanterns:recipes/granite_lantern_yellow": {
    "criteria": {
      "recipe_condition": "2024-10-09 21:10:17 +0000"
    },
    "done": true
  },
  "minecraft:recipes/decorations/sign": {
    "criteria": {
      "has_planks": "2024-10-09 21:14:35 +0000"
    },
    "done": true
  },
  "additionallanterns:recipes/normal_sandstone_lantern_orange": {
    "criteria": {
      "recipe_condition": "2024-10-09 21:10:17 +0000"
    },
    "done": true
  },
  "additionallanterns:recipes/prismarine_lantern_red": {
    "criteria": {
      "recipe_condition": "2024-10-09 21:10:17 +0000"
    },
    "done": true
  },
  "minecraft:recipes/transportation/spruce_boat": {
    "criteria": {
      "entered_water": "2024-10-09 21:13:41 +0000"
    },
    "done": true
  },
  "additionallanterns:recipes/stone_bricks_lantern_brown": {
    "criteria": {
      "recipe_condition": "2024-10-09 21:10:17 +0000"
    },
    "done": true
  },
  "additionallanterns:recipes/red_sandstone_lantern_brown": {
    "criteria": {
      "recipe_condition": "2024-10-09 21:10:17 +0000"
    },
    "done": true
  },
  "additionallanterns:recipes/prismarine_lantern_black": {
    "criteria": {
      "recipe_condition": "2024-10-09 21:10:17 +0000"
    },
    "done": true
  },
  "additionallanterns:recipes/andesite_lantern_gray": {
    "criteria": {
      "recipe_condition": "2024-10-09 21:10:17 +0000"
    },
    "done": true
  },
  "additionallanterns:recipes/diorite_lantern_white": {
    "criteria": {
      "recipe_condition": "2024-10-09 21:10:17 +0000"
    },
    "done": true
  },
  "additionallanterns:recipes/bone_lantern_black": {
    "criteria": {
      "recipe_condition": "2024-10-09 21:10:17 +0000"
    },
    "done": true
  },
  "additionallanterns:recipes/red_sandstone_lantern_purple": {
    "criteria": {
      "recipe_condition": "2024-10-09 21:10:17 +0000"
    },
    "done": true
  },
  "minecraft:husbandry/balanced_diet": {
    "criteria": {
      "porkchop": "2024-10-09 21:18:26 +0000"
    },
    "done": false
  },
  "additionallanterns:recipes/stone_lantern_pink": {
    "criteria": {
      "recipe_condition": "2024-10-09 21:10:17 +0000"
    },
    "done": true
  },
  "additionallanterns:recipes/smooth_stone_lantern_gray": {
    "criteria": {
      "recipe_condition": "2024-10-09 21:10:17 +0000"
    },
    "done": true
  },
  "minecraft:recipes/tools/wooden_hoe": {
    "criteria": {
      "has_stick": "2024-10-09 21:14:43 +0000"
    },
    "done": true
  },
  "additionallanterns:recipes/bricks_lantern_lime": {
    "criteria": {
      "recipe_condition": "2024-10-09 21:10:17 +0000"
    },
    "done": true
  },
  "additionallanterns:recipes/diamond_lantern_yellow": {
    "criteria": {
      "recipe_condition": "2024-10-09 21:10:17 +0000"
    },
    "done": true
  },
  "additionallanterns:recipes/stone_bricks_lantern_pink": {
    "criteria": {
      "recipe_condition": "2024-10-09 21:10:17 +0000"
    },
    "done": true
  },
  "additionallanterns:recipes/stone_bricks_lantern_magenta": {
    "criteria": {
      "recipe_condition": "2024-10-09 21:10:17 +0000"
    },
    "done": true
  },
  "additionallanterns:recipes/cobblestone_lantern_gray": {
    "criteria": {
      "recipe_condition": "2024-10-09 21:10:17 +0000"
    },
    "done": true
  },
  "additionallanterns:recipes/stone_bricks_lantern_light_blue": {
    "criteria": {
      "recipe_condition": "2024-10-09 21:10:17 +0000"
    },
    "done": true
  },
  "additionallanterns:recipes/andesite_lantern_black": {
    "criteria": {
      "recipe_condition": "2024-10-09 21:10:17 +0000"
    },
    "done": true
  },
  "additionallanterns:recipes/diorite_lantern_orange": {
    "criteria": {
      "recipe_condition": "2024-10-09 21:10:17 +0000"
    },
    "done": true
  },
  "additionallanterns:recipes/quartz_lantern_black": {
    "criteria": {
      "recipe_condition": "2024-10-09 21:10:17 +0000"
    },
    "done": true
  },
  "additionallanterns:recipes/granite_lantern_blue": {
    "criteria": {
      "recipe_condition": "2024-10-09 21:10:17 +0000"
    },
    "done": true
  },
  "additionallanterns:recipes/purpur_lantern_red": {
    "criteria": {
      "recipe_condition": "2024-10-09 21:10:17 +0000"
    },
    "done": true
  },
  "additionallanterns:recipes/obsidian_lantern_brown": {
    "criteria": {
      "recipe_condition": "2024-10-09 21:10:17 +0000"
    },
    "done": true
  },
  "additionallanterns:recipes/normal_lantern_black": {
    "criteria": {
      "recipe_condition": "2024-10-09 21:10:17 +0000"
    },
    "done": true
  },
  "additionallanterns:recipes/gold_lantern_cyan": {
    "criteria": {
      "recipe_condition": "2024-10-09 21:10:17 +0000"
    },
    "done": true
  },
  "additionallanterns:recipes/diorite_lantern_green": {
    "criteria": {
      "recipe_condition": "2024-10-09 21:10:17 +0000"
    },
    "done": true
  },
  "additionallanterns:recipes/dark_prismarine_lantern_lime": {
    "criteria": {
      "recipe_condition": "2024-10-09 21:10:17 +0000"
    },
    "done": true
  },
  "additionallanterns:recipes/normal_sandstone_lantern_blue": {
    "criteria": {
      "recipe_condition": "2024-10-09 21:10:17 +0000"
    },
    "done": true
  },
  "additionallanterns:recipes/red_nether_bricks_lantern_pink": {
    "criteria": {
      "recipe_condition": "2024-10-09 21:10:17 +0000"
    },
    "done": true
  },
  "additionallanterns:recipes/bone_lantern_purple": {
    "criteria": {
      "recipe_condition": "2024-10-09 21:10:17 +0000"
    },
    "done": true
  },
  "additionallanterns:recipes/normal_nether_bricks_lantern_orange": {
    "criteria": {
      "recipe_condition": "2024-10-09 21:10:17 +0000"
    },
    "done": true
  },
  "additionallanterns:recipes/red_sandstone_lantern_light_blue": {
    "criteria": {
      "recipe_condition": "2024-10-09 21:10:17 +0000"
    },
    "done": true
  },
  "additionallanterns:recipes/end_stone_lantern_yellow": {
    "criteria": {
      "recipe_condition": "2024-10-09 21:10:17 +0000"
    },
    "done": true
  },
  "additionallanterns:recipes/bricks_lantern_colorless": {
    "criteria": {
      "recipe_condition": "2024-10-09 21:10:17 +0000"
    },
    "done": true
  },
  "additionallanterns:recipes/smooth_stone_lantern_cyan": {
    "criteria": {
      "recipe_condition": "2024-10-09 21:10:17 +0000"
    },
    "done": true
  },
  "minecraft:story/mine_stone": {
    "criteria": {
      "get_stone": "2024-10-09 21:15:12 +0000"
    },
    "done": true
  },
  "minecraft:recipes/decorations/furnace": {
    "criteria": {
      "has_cobblestone": "2024-10-09 21:15:12 +0000"
    },
    "done": true
  },
  "additionallanterns:recipes/cobblestone_lantern_light_gray": {
    "criteria": {
      "recipe_condition": "2024-10-09 21:10:17 +0000"
    },
    "done": true
  },
  "additionallanterns:recipes/red_sandstone_lantern_colorless": {
    "criteria": {
      "recipe_condition": "2024-10-09 21:10:17 +0000"
    },
    "done": true
  },
  "additionallanterns:recipes/mossy_cobblestone_lantern_orange": {
    "criteria": {
      "recipe_condition": "2024-10-09 21:10:17 +0000"
    },
    "done": true
  },
  "additionallanterns:recipes/end_stone_lantern_blue": {
    "criteria": {
      "recipe_condition": "2024-10-09 21:10:17 +0000"
    },
    "done": true
  },
  "additionallanterns:recipes/andesite_lantern_light_gray": {
    "criteria": {
      "recipe_condition": "2024-10-09 21:10:17 +0000"
    },
    "done": true
  },
  "additionallanterns:recipes/mossy_cobblestone_lantern_pink": {
    "criteria": {
      "recipe_condition": "2024-10-09 21:10:17 +0000"
    },
    "done": true
  },
  "minecraft:recipes/tools/wooden_pickaxe": {
    "criteria": {
      "has_stick": "2024-10-09 21:14:43 +0000"
    },
    "done": true
  },
  "additionallanterns:recipes/normal_sandstone_lantern_magenta": {
    "criteria": {
      "recipe_condition": "2024-10-09 21:10:17 +0000"
    },
    "done": true
  },
  "minecraft:husbandry/root": {
    "criteria": {
      "consumed_item": "2024-10-09 21:18:26 +0000"
    },
    "done": true
  },
  "additionallanterns:recipes/dark_prismarine_lantern_brown": {
    "criteria": {
      "recipe_condition": "2024-10-09 21:10:17 +0000"
    },
    "done": true
  },
  "additionallanterns:recipes/bricks_lantern_purple": {
    "criteria": {
      "recipe_condition": "2024-10-09 21:10:17 +0000"
    },
    "done": true
  },
  "minecraft:recipes/transportation/birch_boat": {
    "criteria": {
      "entered_water": "2024-10-09 21:13:41 +0000"
    },
    "done": true
  },
  "additionallanterns:recipes/diorite_lantern_cyan": {
    "criteria": {
      "recipe_condition": "2024-10-09 21:10:17 +0000"
    },
    "done": true
  },
  "additionallanterns:recipes/mossy_cobblestone_lantern_white": {
    "criteria": {
      "recipe_condition": "2024-10-09 21:10:17 +0000"
    },
    "done": true
  },
  "additionallanterns:recipes/bricks_lantern_white": {
    "criteria": {
      "recipe_condition": "2024-10-09 21:10:17 +0000"
    },
    "done": true
  },
  "additionallanterns:recipes/red_sandstone_lantern_pink": {
    "criteria": {
      "recipe_condition": "2024-10-09 21:10:17 +0000"
    },
    "done": true
  },
  "additionallanterns:recipes/andesite_lantern_purple": {
    "criteria": {
      "recipe_condition": "2024-10-09 21:10:17 +0000"
    },
    "done": true
  },
  "additionallanterns:recipes/smooth_stone_lantern_green": {
    "criteria": {
      "recipe_condition": "2024-10-09 21:10:17 +0000"
    },
    "done": true
  },
  "additionallanterns:recipes/normal_lantern_light_blue": {
    "criteria": {
      "recipe_condition": "2024-10-09 21:10:17 +0000"
    },
    "done": true
  },
  "additionallanterns:recipes/quartz_lantern_gray": {
    "criteria": {
      "recipe_condition": "2024-10-09 21:10:17 +0000"
    },
    "done": true
  },
  "additionallanterns:recipes/bone_lantern_pink": {
    "criteria": {
      "recipe_condition": "2024-10-09 21:10:17 +0000"
    },
    "done": true
  },
  "additionallanterns:recipes/purpur_lantern_green": {
    "criteria": {
      "recipe_condition": "2024-10-09 21:10:17 +0000"
    },
    "done": true
  },
  "additionallanterns:recipes/emerald_lantern_red": {
    "criteria": {
      "recipe_condition": "2024-10-09 21:10:17 +0000"
    },
    "done": true
  },
  "minecraft:recipes/tools/stone_hoe": {
    "criteria": {
      "has_cobblestone": "2024-10-09 21:15:12 +0000"
    },
    "done": true
  },
  "additionallanterns:recipes/prismarine_lantern_colorless": {
    "criteria": {
      "recipe_condition": "2024-10-09 21:10:17 +0000"
    },
    "done": true
  },
  "additionallanterns:recipes/diorite_lantern_light_gray": {
    "criteria": {
      "recipe_condition": "2024-10-09 21:10:17 +0000"
    },
    "done": true
  },
  "additionallanterns:recipes/end_stone_lantern_brown": {
    "criteria": {
      "recipe_condition": "2024-10-09 21:10:17 +0000"
    },
    "done": true
  },
  "additionallanterns:recipes/obsidian_lantern_pink": {
    "criteria": {
      "recipe_condition": "2024-10-09 21:10:17 +0000"
    },
    "done": true
  },
  "additionallanterns:recipes/normal_lantern_pink": {
    "criteria": {
      "recipe_condition": "2024-10-09 21:10:17 +0000"
    },
    "done": true
  },
  "additionallanterns:recipes/prismarine_lantern_yellow": {
    "criteria": {
      "recipe_condition": "2024-10-09 21:10:17 +0000"
    },
    "done": true
  },
  "additionallanterns:recipes/granite_lantern_red": {
    "criteria": {
      "recipe_condition": "2024-10-09 21:10:17 +0000"
    },
    "done": true
  },
  "additionallanterns:recipes/diorite_lantern_purple": {
    "criteria": {
      "recipe_condition": "2024-10-09 21:10:17 +0000"
    },
    "done": true
  },
  "additionallanterns:recipes/normal_nether_bricks_lantern_gray": {
    "criteria": {
      "recipe_condition": "2024-10-09 21:10:17 +0000"
    },
    "done": true
  },
  "additionallanterns:recipes/mossy_cobblestone_lantern_colorless": {
    "criteria": {
      "recipe_condition": "2024-10-09 21:10:17 +0000"
    },
    "done": true
  },
  "additionallanterns:recipes/normal_sandstone_lantern_light_blue": {
    "criteria": {
      "recipe_condition": "2024-10-09 21:10:17 +0000"
    },
    "done": true
  },
  "minecraft:recipes/redstone/birch_door": {
    "criteria": {
      "has_planks": "2024-10-09 21:14:35 +0000"
    },
    "done": true
  },
  "additionallanterns:recipes/emerald_lantern_blue": {
    "criteria": {
      "recipe_condition": "2024-10-09 21:10:17 +0000"
    },
    "done": true
  },
  "additionallanterns:recipes/normal_sandstone_lantern_green": {
    "criteria": {
      "recipe_condition": "2024-10-09 21:10:17 +0000"
    },
    "done": true
  },
  "additionallanterns:recipes/iron_lantern_brown": {
    "criteria": {
      "recipe_condition": "2024-10-09 21:10:17 +0000"
    },
    "done": true
  },
  "minecraft:story/upgrade_tools": {
    "criteria": {
      "stone_pickaxe": "2024-10-09 21:15:38 +0000"
    },
    "done": true
  },
  "additionallanterns:recipes/bricks_lantern_cyan": {
    "criteria": {
      "recipe_condition": "2024-10-09 21:10:17 +0000"
    },
    "done": true
  },
  "additionallanterns:recipes/smooth_stone_lantern_purple": {
    "criteria": {
      "recipe_condition": "2024-10-09 21:10:17 +0000"
    },
    "done": true
  },
  "additionallanterns:recipes/obsidian_lantern_colorless": {
    "criteria": {
      "recipe_condition": "2024-10-09 21:10:17 +0000"
    },
    "done": true
  },
  "minecraft:recipes/decorations/birch_fence": {
    "criteria": {
      "has_planks": "2024-10-09 21:14:35 +0000"
    },
    "done": true
  },
  "additionallanterns:recipes/diamond_lantern_lime": {
    "criteria": {
      "recipe_condition": "2024-10-09 21:10:17 +0000"
    },
    "done": true
  },
  "additionallanterns:recipes/normal_sandstone_lantern_white": {
    "criteria": {
      "recipe_condition": "2024-10-09 21:10:17 +0000"
    },
    "done": true
  },
  "additionallanterns:recipes/obsidian_lantern_yellow": {
    "criteria": {
      "recipe_condition": "2024-10-09 21:10:17 +0000"
    },
    "done": true
  },
  "additionallanterns:recipes/gold_lantern_yellow": {
    "criteria": {
      "recipe_condition": "2024-10-09 21:10:17 +0000"
    },
    "done": true
  },
  "additionallanterns:recipes/normal_sandstone_lantern_lime": {
    "criteria": {
      "recipe_condition": "2024-10-09 21:10:17 +0000"
    },
    "done": true
  },
  "additionallanterns:recipes/dark_prismarine_lantern_blue": {
    "criteria": {
      "recipe_condition": "2024-10-09 21:10:17 +0000"
    },
    "done": true
  },
  "additionallanterns:recipes/stone_bricks_lantern_orange": {
    "criteria": {
      "recipe_condition": "2024-10-09 21:10:17 +0000"
    },
    "done": true
  },
  "additionallanterns:recipes/prismarine_lantern_lime": {
    "criteria": {
      "recipe_condition": "2024-10-09 21:10:17 +0000"
    },
    "done": true
  },
  "minecraft:recipes/tools/wooden_axe": {
    "criteria": {
      "has_stick": "2024-10-09 21:14:43 +0000"
    },
    "done": true
  },
  "additionallanterns:recipes/stone_lantern_yellow": {
    "criteria": {
      "recipe_condition": "2024-10-09 21:10:17 +0000"
    },
    "done": true
  },
  "additionallanterns:recipes/normal_nether_bricks_lantern_red": {
    "criteria": {
      "recipe_condition": "2024-10-09 21:10:17 +0000"
    },
    "done": true
  },
  "additionallanterns:recipes/purpur_lantern_white": {
    "criteria": {
      "recipe_condition": "2024-10-09 21:10:17 +0000"
    },
    "done": true
  },
  "additionallanterns:recipes/granite_lantern_light_blue": {
    "criteria": {
      "recipe_condition": "2024-10-09 21:10:17 +0000"
    },
    "done": true
  },
  "additionallanterns:recipes/diorite_lantern_pink": {
    "criteria": {
      "recipe_condition": "2024-10-09 21:10:17 +0000"
    },
    "done": true
  },
  "additionallanterns:recipes/quartz_lantern_white": {
    "criteria": {
      "recipe_condition": "2024-10-09 21:10:17 +0000"
    },
    "done": true
  },
  "additionallanterns:recipes/cobblestone_lantern_white": {
    "criteria": {
      "recipe_condition": "2024-10-09 21:10:17 +0000"
    },
    "done": true
  },
  "additionallanterns:recipes/bricks_lantern_red": {
    "criteria": {
      "recipe_condition": "2024-10-09 21:10:17 +0000"
    },
    "done": true
  },
  "additionallanterns:recipes/granite_lantern_pink": {
    "criteria": {
      "recipe_condition": "2024-10-09 21:10:17 +0000"
    },
    "done": true
  },
  "additionallanterns:recipes/normal_sandstone_lantern_pink": {
    "criteria": {
      "recipe_condition": "2024-10-09 21:10:17 +0000"
    },
    "done": true
  },
  "additionallanterns:recipes/normal_nether_bricks_lantern_green": {
    "criteria": {
      "recipe_condition": "2024-10-09 21:10:17 +0000"
    },
    "done": true
  },
  "additionallanterns:recipes/smooth_stone_lantern_brown": {
    "criteria": {
      "recipe_condition": "2024-10-09 21:10:17 +0000"
    },
    "done": true
  },
  "additionallanterns:recipes/normal_lantern_cyan": {
    "criteria": {
      "recipe_condition": "2024-10-09 21:10:17 +0000"
    },
    "done": true
  },
  "additionallanterns:recipes/gold_lantern_lime": {
    "criteria": {
      "recipe_condition": "2024-10-09 21:10:17 +0000"
    },
    "done": true
  },
  "additionallanterns:recipes/stone_lantern_light_gray": {
    "criteria": {
      "recipe_condition": "2024-10-09 21:10:17 +0000"
    },
    "done": true
  },
  "additionallanterns:recipes/andesite_lantern_orange": {
    "criteria": {
      "recipe_condition": "2024-10-09 21:10:17 +0000"
    },
    "done": true
  },
  "additionallanterns:recipes/quartz_lantern_brown": {
    "criteria": {
      "recipe_condition": "2024-10-09 21:10:17 +0000"
    },
    "done": true
  },
  "additionallanterns:recipes/smooth_stone_lantern_lime": {
    "criteria": {
      "recipe_condition": "2024-10-09 21:10:17 +0000"
    },
    "done": true
  },
  "additionallanterns:recipes/quartz_lantern_light_gray": {
    "criteria": {
      "recipe_condition": "2024-10-09 21:10:17 +0000"
    },
    "done": true
  },
  "additionallanterns:recipes/bricks_lantern_blue": {
    "criteria": {
      "recipe_condition": "2024-10-09 21:10:17 +0000"
    },
    "done": true
  },
  "additionallanterns:recipes/red_nether_bricks_lantern_magenta": {
    "criteria": {
      "recipe_condition": "2024-10-09 21:10:17 +0000"
    },
    "done": true
  },
  "additionallanterns:recipes/dark_prismarine_lantern_orange": {
    "criteria": {
      "recipe_condition": "2024-10-09 21:10:17 +0000"
    },
    "done": true
  },
  "additionallanterns:recipes/end_stone_lantern_lime": {
    "criteria": {
      "recipe_condition": "2024-10-09 21:10:17 +0000"
    },
    "done": true
  },
  "additionallanterns:recipes/stone_lantern_orange": {
    "criteria": {
      "recipe_condition": "2024-10-09 21:10:17 +0000"
    },
    "done": true
  },
  "additionallanterns:recipes/quartz_lantern_purple": {
    "criteria": {
      "recipe_condition": "2024-10-09 21:10:17 +0000"
    },
    "done": true
  },
  "additionallanterns:recipes/red_nether_bricks_lantern_yellow": {
    "criteria": {
      "recipe_condition": "2024-10-09 21:10:17 +0000"
    },
    "done": true
  },
  "additionallanterns:recipes/smooth_stone_lantern_white": {
    "criteria": {
      "recipe_condition": "2024-10-09 21:10:17 +0000"
    },
    "done": true
  },
  "narutomodaddon:init": {
    "criteria": {
      "ninjutsuinit": "2024-10-09 21:10:17 +0000"
    },
    "done": true
  },
  "silentgear:blueprint_pickaxe": {
    "criteria": {
      "blueprint": "2024-10-09 21:11:46 +0000"
    },
    "done": true
  },
  "additionallanterns:recipes/dark_prismarine_lantern_magenta": {
    "criteria": {
      "recipe_condition": "2024-10-09 21:10:17 +0000"
    },
    "done": true
  },
  "additionallanterns:recipes/dark_prismarine_lantern_cyan": {
    "criteria": {
      "recipe_condition": "2024-10-09 21:10:17 +0000"
    },
    "done": true
  },
  "additionallanterns:recipes/andesite_lantern_red": {
    "criteria": {
      "recipe_condition": "2024-10-09 21:10:17 +0000"
    },
    "done": true
  },
  "additionallanterns:recipes/dark_prismarine_lantern_red": {
    "criteria": {
      "recipe_condition": "2024-10-09 21:10:17 +0000"
    },
    "done": true
  },
  "additionallanterns:recipes/stone_bricks_lantern_blue": {
    "criteria": {
      "recipe_condition": "2024-10-09 21:10:17 +0000"
    },
    "done": true
  },
  "additionallanterns:recipes/emerald_lantern_colorless": {
    "criteria": {
      "recipe_condition": "2024-10-09 21:10:17 +0000"
    },
    "done": true
  },
  "additionallanterns:recipes/iron_lantern_pink": {
    "criteria": {
      "recipe_condition": "2024-10-09 21:10:17 +0000"
    },
    "done": true
  },
  "additionallanterns:recipes/iron_lantern_red": {
    "criteria": {
      "recipe_condition": "2024-10-09 21:10:17 +0000"
    },
    "done": true
  },
  "minecraft:recipes/tools/stone_shovel": {
    "criteria": {
      "has_cobblestone": "2024-10-09 21:15:12 +0000"
    },
    "done": true
  },
  "additionallanterns:recipes/prismarine_lantern_white": {
    "criteria": {
      "recipe_condition": "2024-10-09 21:10:17 +0000"
    },
    "done": true
  },
  "additionallanterns:recipes/stone_lantern_blue": {
    "criteria": {
      "recipe_condition": "2024-10-09 21:10:17 +0000"
    },
    "done": true
  },
  "additionallanterns:recipes/stone_lantern_purple": {
    "criteria": {
      "recipe_condition": "2024-10-09 21:10:17 +0000"
    },
    "done": true
  },
  "additionallanterns:recipes/stone_lantern_black": {
    "criteria": {
      "recipe_condition": "2024-10-09 21:10:17 +0000"
    },
    "done": true
  },
  "additionallanterns:recipes/purpur_lantern_brown": {
    "criteria": {
      "recipe_condition": "2024-10-09 21:10:17 +0000"
    },
    "done": true
  },
  "additionallanterns:recipes/dark_prismarine_lantern_yellow": {
    "criteria": {
      "recipe_condition": "2024-10-09 21:10:17 +0000"
    },
    "done": true
  },
  "additionallanterns:recipes/cobblestone_lantern_pink": {
    "criteria": {
      "recipe_condition": "2024-10-09 21:10:17 +0000"
    },
    "done": true
  },
  "additionallanterns:recipes/bone_lantern_light_gray": {
    "criteria": {
      "recipe_condition": "2024-10-09 21:10:17 +0000"
    },
    "done": true
  },
  "additionallanterns:recipes/red_nether_bricks_lantern_brown": {
    "criteria": {
      "recipe_condition": "2024-10-09 21:10:17 +0000"
    },
    "done": true
  },
  "additionallanterns:recipes/andesite_lantern_pink": {
    "criteria": {
      "recipe_condition": "2024-10-09 21:10:17 +0000"
    },
    "done": true
  },
  "additionallanterns:recipes/cobblestone_lantern_magenta": {
    "criteria": {
      "recipe_condition": "2024-10-09 21:10:17 +0000"
    },
    "done": true
  },
  "additionallanterns:recipes/bricks_lantern_yellow": {
    "criteria": {
      "recipe_condition": "2024-10-09 21:10:17 +0000"
    },
    "done": true
  },
  "additionallanterns:recipes/cobblestone_lantern_brown": {
    "criteria": {
      "recipe_condition": "2024-10-09 21:10:17 +0000"
    },
    "done": true
  },
  "additionallanterns:recipes/red_nether_bricks_lantern_blue": {
    "criteria": {
      "recipe_condition": "2024-10-09 21:10:17 +0000"
    },
    "done": true
  },
  "additionallanterns:recipes/normal_lantern_colorless": {
    "criteria": {
      "recipe_condition": "2024-10-09 21:10:17 +0000"
    },
    "done": true
  },
  "additionallanterns:recipes/diamond_lantern_blue": {
    "criteria": {
      "recipe_condition": "2024-10-09 21:10:17 +0000"
    },
    "done": true
  },
  "additionallanterns:recipes/stone_bricks_lantern_purple": {
    "criteria": {
      "recipe_condition": "2024-10-09 21:10:17 +0000"
    },
    "done": true
  },
  "additionallanterns:recipes/diamond_lantern_green": {
    "criteria": {
      "recipe_condition": "2024-10-09 21:10:17 +0000"
    },
    "done": true
  },
  "additionallanterns:recipes/purpur_lantern_light_gray": {
    "criteria": {
      "recipe_condition": "2024-10-09 21:10:17 +0000"
    },
    "done": true
  },
  "additionallanterns:recipes/obsidian_lantern_lime": {
    "criteria": {
      "recipe_condition": "2024-10-09 21:10:17 +0000"
    },
    "done": true
  },
  "additionallanterns:recipes/emerald_lantern_green": {
    "criteria": {
      "recipe_condition": "2024-10-09 21:10:17 +0000"
    },
    "done": true
  },
  "additionallanterns:recipes/diorite_lantern_red": {
    "criteria": {
      "recipe_condition": "2024-10-09 21:10:17 +0000"
    },
    "done": true
  },
  "additionallanterns:recipes/red_sandstone_lantern_black": {
    "criteria": {
      "recipe_condition": "2024-10-09 21:10:17 +0000"
    },
    "done": true
  },
  "additionallanterns:recipes/smooth_stone_lantern_orange": {
    "criteria": {
      "recipe_condition": "2024-10-09 21:10:17 +0000"
    },
    "done": true
  },
  "additionallanterns:recipes/mossy_cobblestone_lantern_light_gray": {
    "criteria": {
      "recipe_condition": "2024-10-09 21:10:17 +0000"
    },
    "done": true
  },
  "additionallanterns:recipes/purpur_lantern_gray": {
    "criteria": {
      "recipe_condition": "2024-10-09 21:10:17 +0000"
    },
    "done": true
  },
  "additionallanterns:recipes/stone_lantern_colorless": {
    "criteria": {
      "recipe_condition": "2024-10-09 21:10:17 +0000"
    },
    "done": true
  },
  "additionallanterns:recipes/diamond_lantern_light_blue": {
    "criteria": {
      "recipe_condition": "2024-10-09 21:10:17 +0000"
    },
    "done": true
  },
  "additionallanterns:recipes/end_stone_lantern_black": {
    "criteria": {
      "recipe_condition": "2024-10-09 21:10:17 +0000"
    },
    "done": true
  },
  "additionallanterns:recipes/smooth_stone_lantern_light_gray": {
    "criteria": {
      "recipe_condition": "2024-10-09 21:10:17 +0000"
    },
    "done": true
  },
  "additionallanterns:recipes/gold_lantern_white": {
    "criteria": {
      "recipe_condition": "2024-10-09 21:10:17 +0000"
    },
    "done": true
  },
  "additionallanterns:recipes/iron_lantern_yellow": {
    "criteria": {
      "recipe_condition": "2024-10-09 21:10:17 +0000"
    },
    "done": true
  },
  "additionallanterns:recipes/red_nether_bricks_lantern_light_gray": {
    "criteria": {
      "recipe_condition": "2024-10-09 21:10:17 +0000"
    },
    "done": true
  },
  "additionallanterns:recipes/bone_lantern_green": {
    "criteria": {
      "recipe_condition": "2024-10-09 21:10:17 +0000"
    },
    "done": true
  },
  "additionallanterns:recipes/quartz_lantern_magenta": {
    "criteria": {
      "recipe_condition": "2024-10-09 21:10:17 +0000"
    },
    "done": true
  },
  "additionallanterns:recipes/obsidian_lantern_light_gray": {
    "criteria": {
      "recipe_condition": "2024-10-09 21:10:17 +0000"
    },
    "done": true
  },
  "additionallanterns:recipes/iron_lantern_black": {
    "criteria": {
      "recipe_condition": "2024-10-09 21:10:17 +0000"
    },
    "done": true
  },
  "additionallanterns:recipes/quartz_lantern_pink": {
    "criteria": {
      "recipe_condition": "2024-10-09 21:10:17 +0000"
    },
    "done": true
  },
  "additionallanterns:recipes/bone_lantern_gray": {
    "criteria": {
      "recipe_condition": "2024-10-09 21:10:17 +0000"
    },
    "done": true
  },
  "additionallanterns:recipes/mossy_cobblestone_lantern_blue": {
    "criteria": {
      "recipe_condition": "2024-10-09 21:10:17 +0000"
    },
    "done": true
  },
  "additionallanterns:recipes/dark_prismarine_lantern_purple": {
    "criteria": {
      "recipe_condition": "2024-10-09 21:10:17 +0000"
    },
    "done": true
  },
  "additionallanterns:recipes/red_sandstone_lantern_gray": {
    "criteria": {
      "recipe_condition": "2024-10-09 21:10:17 +0000"
    },
    "done": true
  },
  "additionallanterns:recipes/quartz_lantern_orange": {
    "criteria": {
      "recipe_condition": "2024-10-09 21:10:17 +0000"
    },
    "done": true
  },
  "additionallanterns:recipes/normal_lantern_orange": {
    "criteria": {
      "recipe_condition": "2024-10-09 21:10:17 +0000"
    },
    "done": true
  },
  "additionallanterns:recipes/normal_nether_bricks_lantern_cyan": {
    "criteria": {
      "recipe_condition": "2024-10-09 21:10:17 +0000"
    },
    "done": true
  },
  "additionallanterns:recipes/normal_sandstone_lantern_black": {
    "criteria": {
      "recipe_condition": "2024-10-09 21:10:17 +0000"
    },
    "done": true
  },
  "additionallanterns:recipes/stone_bricks_lantern_red": {
    "criteria": {
      "recipe_condition": "2024-10-09 21:10:17 +0000"
    },
    "done": true
  },
  "additionallanterns:recipes/cobblestone_lantern_purple": {
    "criteria": {
      "recipe_condition": "2024-10-09 21:10:17 +0000"
    },
    "done": true
  },
  "additionallanterns:recipes/diamond_lantern_red": {
    "criteria": {
      "recipe_condition": "2024-10-09 21:10:17 +0000"
    },
    "done": true
  },
  "additionallanterns:recipes/prismarine_lantern_magenta": {
    "criteria": {
      "recipe_condition": "2024-10-09 21:10:17 +0000"
    },
    "done": true
  },
  "additionallanterns:recipes/stone_bricks_lantern_white": {
    "criteria": {
      "recipe_condition": "2024-10-09 21:10:17 +0000"
    },
    "done": true
  },
  "additionallanterns:recipes/emerald_lantern_light_gray": {
    "criteria": {
      "recipe_condition": "2024-10-09 21:10:17 +0000"
    },
    "done": true
  },
  "additionallanterns:recipes/gold_lantern_purple": {
    "criteria": {
      "recipe_condition": "2024-10-09 21:10:17 +0000"
    },
    "done": true
  },
  "additionallanterns:recipes/iron_lantern_light_gray": {
    "criteria": {
      "recipe_condition": "2024-10-09 21:10:17 +0000"
    },
    "done": true
  },
  "additionallanterns:recipes/normal_lantern_magenta": {
    "criteria": {
      "recipe_condition": "2024-10-09 21:10:17 +0000"
    },
    "done": true
  },
  "additionallanterns:recipes/prismarine_lantern_blue": {
    "criteria": {
      "recipe_condition": "2024-10-09 21:10:17 +0000"
    },
    "done": true
  },
  "minecraft:recipes/transportation/jungle_boat": {
    "criteria": {
      "entered_water": "2024-10-09 21:13:41 +0000"
    },
    "done": true
  },
  "additionallanterns:recipes/dark_prismarine_lantern_colorless": {
    "criteria": {
      "recipe_condition": "2024-10-09 21:10:17 +0000"
    },
    "done": true
  },
  "additionallanterns:recipes/gold_lantern_blue": {
    "criteria": {
      "recipe_condition": "2024-10-09 21:10:17 +0000"
    },
    "done": true
  },
  "additionallanterns:recipes/red_nether_bricks_lantern_white": {
    "criteria": {
      "recipe_condition": "2024-10-09 21:10:17 +0000"
    },
    "done": true
  },
  "additionallanterns:recipes/gold_lantern_brown": {
    "criteria": {
      "recipe_condition": "2024-10-09 21:10:17 +0000"
    },
    "done": true
  },
  "minecraft:recipes/building_blocks/birch_stairs": {
    "criteria": {
      "has_planks": "2024-10-09 21:14:35 +0000"
    },
    "done": true
  },
  "additionallanterns:recipes/bone_lantern_orange": {
    "criteria": {
      "recipe_condition": "2024-10-09 21:10:17 +0000"
    },
    "done": true
  },
  "minecraft:recipes/transportation/dark_oak_boat": {
    "criteria": {
      "entered_water": "2024-10-09 21:13:41 +0000"
    },
    "done": true
  },
  "additionallanterns:recipes/gold_lantern_red": {
    "criteria": {
      "recipe_condition": "2024-10-09 21:10:17 +0000"
    },
    "done": true
  },
  "additionallanterns:recipes/emerald_lantern_pink": {
    "criteria": {
      "recipe_condition": "2024-10-09 21:10:17 +0000"
    },
    "done": true
  },
  "additionallanterns:recipes/granite_lantern_black": {
    "criteria": {
      "recipe_condition": "2024-10-09 21:10:17 +0000"
    },
    "done": true
  },
  "additionallanterns:recipes/andesite_lantern_green": {
    "criteria": {
      "recipe_condition": "2024-10-09 21:10:17 +0000"
    },
    "done": true
  },
  "additionallanterns:recipes/red_sandstone_lantern_orange": {
    "criteria": {
      "recipe_condition": "2024-10-09 21:10:17 +0000"
    },
    "done": true
  },
  "minecraft:recipes/building_blocks/stone_stairs": {
    "criteria": {
      "has_cobblestone": "2024-10-09 21:15:12 +0000"
    },
    "done": true
  },
  "additionallanterns:recipes/normal_nether_bricks_lantern_light_gray": {
    "criteria": {
      "recipe_condition": "2024-10-09 21:10:17 +0000"
    },
    "done": true
  },
  "additionallanterns:recipes/red_nether_bricks_lantern_lime": {
    "criteria": {
      "recipe_condition": "2024-10-09 21:10:17 +0000"
    },
    "done": true
  },
  "additionallanterns:recipes/normal_nether_bricks_lantern_colorless": {
    "criteria": {
      "recipe_condition": "2024-10-09 21:10:17 +0000"
    },
    "done": true
  },
  "additionallanterns:recipes/bricks_lantern_black": {
    "criteria": {
      "recipe_condition": "2024-10-09 21:10:17 +0000"
    },
    "done": true
  },
  "additionallanterns:recipes/additionallanterns/cobblestone_chain": {
    "criteria": {
      "recipe_condition": "2024-10-09 21:15:12 +0000"
    },
    "done": true
  },
  "additionallanterns:recipes/diorite_lantern_gray": {
    "criteria": {
      "recipe_condition": "2024-10-09 21:10:17 +0000"
    },
    "done": true
  },
  "additionallanterns:recipes/dark_prismarine_lantern_light_gray": {
    "criteria": {
      "recipe_condition": "2024-10-09 21:10:17 +0000"
    },
    "done": true
  },
  "additionallanterns:recipes/normal_lantern_gray": {
    "criteria": {
      "recipe_condition": "2024-10-09 21:10:17 +0000"
    },
    "done": true
  },
  "additionallanterns:recipes/granite_lantern_orange": {
    "criteria": {
      "recipe_condition": "2024-10-09 21:10:17 +0000"
    },
    "done": true
  },
  "additionallanterns:recipes/obsidian_lantern_blue": {
    "criteria": {
      "recipe_condition": "2024-10-09 21:10:17 +0000"
    },
    "done": true
  },
  "additionallanterns:recipes/end_stone_lantern_cyan": {
    "criteria": {
      "recipe_condition": "2024-10-09 21:10:17 +0000"
    },
    "done": true
  },
  "additionallanterns:recipes/normal_nether_bricks_lantern_purple": {
    "criteria": {
      "recipe_condition": "2024-10-09 21:10:17 +0000"
    },
    "done": true
  }
}