{
    "CompleterNpc": "Itachi",
    "NextQuestId": -1,
    "RandomReward": 0b,
    "QuestRepeat": 0,
    "QuestCompletion": 0,
    "IgnoreNBT": 0b,
    "Title": "A meal fit for a King!",
    "Text": "I've been in this weird hole for too long, I need some good ol' ramen. But not any ramen, only one that is fit for a king!
(Figure this out)",
    "QuestFactionPoints": {
        "DecreaseFaction1Points": 0b,
        "OptionFaction2Points": 100,
        "OptionFactions1": -1,
        "OptionFactions2": -1,
        "OptionFaction1Points": 100,
        "DecreaseFaction2Points": 0b
    },
    "RewardExp": 0,
    "QuestCommand": "",
    "ModRev": 18,
    "Type": 0,
    "QuestMail": {
        "Sender": "",
        "BeenRead": 0b,
        "Message": {
        },
        "MailItems": [
        ],
        "MailQuest": -1,
        "TimePast": 1678929991286L,
        "Time": 0L,
        "Subject": ""
    },
    "IgnoreDamage": 1b,
    "Rewards": {
        "NpcMiscInv": [
            {
                "Slot": 4b,
                "ForgeCaps": {
                    "customnpcs:itemscripteddata": {
                    }
                },
                "id": "narutomod:akatsuki_robebody",
                "Count": 1b,
                "Damage": 0s
            }
        ]
    },
    "Items": {
        "NpcMiscInv": [
            {
                "Slot": 1b,
                "ForgeCaps": {
                    "customnpcs:itemscripteddata": {
                    }
                },
                "id": "minecraft:mushroom_stew",
                "Count": 1b,
                "tag": {
                    "RepairCost": 0,
                    "display": {
                        "Name": "A5 Wagyu & Salmon Roe Ramen"
                    }
                },
                "Damage": 0s
            }
        ]
    },
    "LeaveItems": 0b,
    "CompleteText": "Thank you so much, if only it would bring my clan back... <sobs>",
    "NextQuestTitle": ""
}
